page,errors,count
https://www.smackcoders.com/blog/speed-up-your-wordpress-website.html,LCP,64
https://www.smackcoders.com/blog/speed-up-your-wordpress-website.html,Poor,64
https://www.smackcoders.com/ja/documentation/wp-ultimate-csv-importer/import-wordpress-categories-and-tags,LCP,64
https://www.smackcoders.com/ja/documentation/wp-ultimate-csv-importer/import-wordpress-categories-and-tags,Poor,64
https://www.smackcoders.com/blog/how-to-import-csv-file-in-wordpress-without-plugin.html,LCP,49
https://www.smackcoders.com/blog/how-to-import-csv-file-in-wordpress-without-plugin.html,Poor,49
https://www.smackcoders.com/blog/how-to-export-wordpress-users.html,Poor,49
https://www.smackcoders.com/blog/how-to-export-wordpress-users.html,LCP,49
https://www.smackcoders.com/ja/documentation/wp-ultimate-csv-importer/acf-import,LCP,49
https://www.smackcoders.com/ja/blog/how-to-export-wordpress-users.html,LCP,49
https://www.smackcoders.com/ja/blog/how-to-export-wordpress-users.html,Poor,49
https://www.smackcoders.com/ja/documentation/wp-ultimate-csv-importer/acf-import,Poor,49
https://www.smackcoders.com/ja/blog/add-external-urls-to-featured-images-wordpress.html,Poor,42
https://www.smackcoders.com/ja/blog/add-external-urls-to-featured-images-wordpress.html,LCP,42
https://www.smackcoders.com/blog/import-export-gravity-forms-entries.html,Poor,36
https://www.smackcoders.com/blog/import-export-gravity-forms-entries.html,LCP,36
https://www.smackcoders.com/blog/polylang-import-translation-guide.html,LCP,36
https://www.smackcoders.com/es/blog/como-importar-archivos-csv-a-wordpress-de-manera-eficiente.html,LCP,36
https://www.smackcoders.com/es/blog/como-importar-archivos-csv-a-wordpress-de-manera-eficiente.html,Poor,36
https://www.smackcoders.com/blog/create-and-import-custom-post-types-in-wordpress.html,LCP,36
https://www.smackcoders.com/blog/create-and-import-custom-post-types-in-wordpress.html,Poor,36
https://www.smackcoders.com/blog/polylang-import-translation-guide.html,Poor,36
https://www.smackcoders.com/ja/blog/how-to-import-csv-file-in-wordpress.html,LCP,36
https://www.smackcoders.com/ja/blog/how-to-import-csv-file-in-wordpress.html,Poor,36
https://www.smackcoders.com/blog/enable-configure-wp-cron.html,LCP,25
https://www.smackcoders.com/es/blog/exportar-importar-una-sola-publicacion.html,LCP,25
https://www.smackcoders.com/blog/enable-configure-wp-cron.html,Poor,25
https://www.smackcoders.com/blog/wordpress-ultimate-csv-importer-csv-sample-files-and-updates.html,LCP,25
https://www.smackcoders.com/es/blog/como-anadir-urls-externas-a-las-imagenes-destacadas-en-wordpress.html,LCP,25
https://www.smackcoders.com/es/blog/como-anadir-urls-externas-a-las-imagenes-destacadas-en-wordpress.html,Poor,25
https://www.smackcoders.com/blog/wordpress-ultimate-csv-importer-csv-sample-files-and-updates.html,Poor,25
https://www.smackcoders.com/es/blog/importar-paginas-a-wordpress-una-guia-util.html,LCP,25
https://www.smackcoders.com/blog/how-to-restore-wordpress-site-from-backup.html,Poor,25
https://www.smackcoders.com/blog/how-to-restore-wordpress-site-from-backup.html,LCP,25
https://www.smackcoders.com/es/blog/como-exportar-usuarios-de-wordpress-una-guia-paso-a-paso.html,Poor,25
https://www.smackcoders.com/blog/polylang-import-products-woocommerce.html,LCP,25
https://www.smackcoders.com/blog/export-import-single-wordpress-post-page-product.html,Poor,25
https://www.smackcoders.com/es/blog/como-instalar-wamp-y-xampp.html,LCP,25
https://www.smackcoders.com/blog/polylang-import-products-woocommerce.html,Poor,25
https://www.smackcoders.com/blog/export-import-single-wordpress-post-page-product.html,LCP,25
https://www.smackcoders.com/ja/blog/advanced-techniques-for-wordpress-import-and-export.html,LCP,25
https://www.smackcoders.com/es/blog/como-habilitar-y-configurar-wp-cron.html,LCP,25
https://www.smackcoders.com/es/blog/como-habilitar-y-configurar-wp-cron.html,Poor,25
https://www.smackcoders.com/es/blog/importar-paginas-a-wordpress-una-guia-util.html,Poor,25
https://www.smackcoders.com/es/blog/como-exportar-usuarios-de-wordpress-una-guia-paso-a-paso.html,LCP,25
https://www.smackcoders.com/es/blog/exportar-importar-una-sola-publicacion.html,Poor,25
https://www.smackcoders.com/ja/blog/advanced-techniques-for-wordpress-import-and-export.html,Poor,25
https://www.smackcoders.com/blog/add-external-urls-to-featured-images-wordpress.html,LCP,25
https://www.smackcoders.com/ja/blog/enable-configure-wp-cron.html,Poor,25
https://www.smackcoders.com/blog/add-external-urls-to-featured-images-wordpress.html,Poor,25
https://www.smackcoders.com/documentation/wp-ultimate-csv-importer-pro/import-wordpress-categories-and-tags,LCP,25
https://www.smackcoders.com/documentation/wp-ultimate-csv-importer-pro/import-wordpress-categories-and-tags,Poor,25
https://www.smackcoders.com/ja/documentation/wp-ultimate-exporter/wordpress-exporter-guide,Poor,25
https://www.smackcoders.com/ja/blog/how-to-import-page-to-wordpress.html,LCP,25
https://www.smackcoders.com/ja/blog/how-to-import-page-to-wordpress.html,Poor,25
https://www.smackcoders.com/ja/blog/enable-configure-wp-cron.html,LCP,25
https://www.smackcoders.com/documentation/wp-ultimate-csv-importer-pro/acf-import,LCP,25
https://www.smackcoders.com/ja/documentation/wp-ultimate-csv-importer/how-to-import-csv,LCP,25
https://www.smackcoders.com/ja/documentation/wp-ultimate-csv-importer/how-to-import-csv,Poor,25
https://www.smackcoders.com/documentation/wp-ultimate-csv-importer-pro/acf-import,Poor,25
https://www.smackcoders.com/es/blog/como-instalar-wamp-y-xampp.html,Poor,25
https://www.smackcoders.com/ja/documentation/wp-ultimate-csv-importer/meta-box-custom-field-cloneable,LCP,25
https://www.smackcoders.com/ja/documentation/wp-ultimate-csv-importer/meta-box-custom-field-cloneable,Poor,25
https://www.smackcoders.com/ja/documentation/wp-ultimate-exporter/wordpress-exporter-guide,LCP,25
https://www.smackcoders.com/documentation/wp-ultimate-csv-importer-pro/import-and-export-nextgen-gallery-images,LCP,16
https://www.smackcoders.com/documentation/wp-ultimate-csv-importer-pro/import-and-export-nextgen-gallery-images,Poor,16
https://www.smackcoders.com/documentation/wp-ultimate-csv-importer-pro/import-and-export-woocommerce-reviews,LCP,16
https://www.smackcoders.com/es/blog/importar-productos-de-woocommerce-con-campos-personalizados.html,LCP,16
https://www.smackcoders.com/es/blog/importar-productos-de-woocommerce-con-campos-personalizados.html,Poor,16
https://www.smackcoders.com/es/blog/tecnicas-avanzadas-para-importar-y-exportar-wordpress.html,LCP,16
https://www.smackcoders.com/es/blog/tecnicas-avanzadas-para-importar-y-exportar-wordpress.html,Poor,16
https://www.smackcoders.com/documentation/wp-ultimate-csv-importer-pro/import-and-export-woocommerce-reviews,Poor,16
https://www.smackcoders.com/blog/ai-in-wordpress.html,LCP,16
https://www.smackcoders.com/documentation/wp-ultimate-csv-importer-pro/woocommerces,LCP,16
https://www.smackcoders.com/ja/blog/export-import-advanced-custom-fields-csv-wordpress.html,LCP,16
https://www.smackcoders.com/ja/blog/export-import-advanced-custom-fields-csv-wordpress.html,Poor,16
https://www.smackcoders.com/documentation/wp-ultimate-csv-importer-pro/woocommerces,Poor,16
https://www.smackcoders.com/blog/mastering-wpml-language-localization.html,LCP,16
https://www.smackcoders.com/blog/mastering-wpml-language-localization.html,Poor,16
https://www.smackcoders.com/blog/best-woocommerce-affiliate-plugins.html,LCP,16
https://www.smackcoders.com/blog/best-woocommerce-affiliate-plugins.html,Poor,16
https://www.smackcoders.com/blog/best-wordpress-speed-optimization-plugins.html,LCP,16
https://www.smackcoders.com/documentation/wp-ultimate-csv-importer-pro/how-to-import-schedule-or-update,LCP,16
https://www.smackcoders.com/ja/blog/import-export-custom-post-types-plugin-data.html,Poor,16
https://www.smackcoders.com/ja/blog/import-woocommerce-products-with-custom-fields.html,LCP,16
https://www.smackcoders.com/ja/blog/import-woocommerce-products-with-custom-fields.html,Poor,16
https://www.smackcoders.com/blog/best-wordpress-speed-optimization-plugins.html,Poor,16
https://www.smackcoders.com/blog/create-a-multilingual-website-with-wpml.html,LCP,16
https://www.smackcoders.com/blog/create-a-multilingual-website-with-wpml.html,Poor,16
https://www.smackcoders.com/documentation/wp-ultimate-csv-importer-pro/how-to-import-csv,LCP,16
https://www.smackcoders.com/documentation/wp-ultimate-csv-importer-pro/how-to-import-csv,Poor,16
https://www.smackcoders.com/documentation/wp-ultimate-csv-importer-pro/how-to-import-schedule-or-update,Poor,16
https://www.smackcoders.com/blog/ai-in-wordpress.html,Poor,16
https://www.smackcoders.com/blog/how-to-import-page-to-wordpress.html,LCP,16
https://www.smackcoders.com/blog/how-to-import-page-to-wordpress.html,Poor,16
https://www.smackcoders.com/ja/blog/import-export-custom-post-types-plugin-data.html,LCP,16
https://www.smackcoders.com/blog/how-to-import-csv-file-in-wordpress.html,Poor,9
https://www.smackcoders.com/documentation/wp-ultimate-exporter/wordpress-exporter-guide,Poor,9
https://www.smackcoders.com/documentation/wp-ultimate-exporter/wordpress-exporter-guide,LCP,9
https://www.smackcoders.com/documentation/wp-ultimate-csv-importer-pro/how-to-import-variable-products-in-woocommerce,Poor,9
https://www.smackcoders.com/blog/how-to-import-csv-file-in-wordpress.html,LCP,9
https://www.smackcoders.com/blog/import-export-custom-post-types-plugin-data.html,LCP,9
https://www.smackcoders.com/blog/import-export-custom-post-types-plugin-data.html,Poor,9
https://www.smackcoders.com/blog/import-export-elementor-as-csv.html,LCP,9
https://www.smackcoders.com/blog/import-export-elementor-as-csv.html,Poor,9
https://www.smackcoders.com/documentation/wp-ultimate-csv-importer-pro/jet-engine-data-import,Poor,9
https://www.smackcoders.com/es/blog/ejemplos-de-archivos-csv-y-xml-para-la-importacion-de-prueba-wp-ultimate-csv-xml-importer.html,LCP,9
https://www.smackcoders.com/es/blog/ejemplos-de-archivos-csv-y-xml-para-la-importacion-de-prueba-wp-ultimate-csv-xml-importer.html,Poor,9
https://www.smackcoders.com/documentation/wp-ultimate-csv-importer-pro/jet-engine-data-import,LCP,9
https://www.smackcoders.com/documentation/wp-ultimate-csv-importer-pro/rankmath-data-import-and-export,Poor,9
https://www.smackcoders.com/blog/import-variable-products-into-woocommerce.html,Poor,9
https://www.smackcoders.com/blog/import-variable-products-into-woocommerce.html,LCP,9
https://www.smackcoders.com/documentation/wp-ultimate-csv-importer-pro/how-to-import-variable-products-in-woocommerce,LCP,9
https://www.smackcoders.com/documentation/wp-ultimate-csv-importer-pro/meta-box-custom-field-cloneable,Poor,9
https://www.smackcoders.com/ja/documentation/wp-ultimate-csv-importer/import-images-into-wordpress,LCP,9
https://www.smackcoders.com/ja/documentation/wp-ultimate-csv-importer/import-images-into-wordpress,Poor,9
https://www.smackcoders.com/documentation/wp-ultimate-csv-importer-pro/meta-box-custom-field-cloneable,LCP,9
https://www.smackcoders.com/documentation/wp-ultimate-csv-importer-pro/import-images-into-wordpress,LCP,9
https://www.smackcoders.com/documentation/wp-ultimate-csv-importer-pro/rankmath-data-import-and-export,LCP,9
https://www.smackcoders.com/documentation/wp-ultimate-csv-importer-pro/polylang-multilingual-content-import-export,Poor,9
https://www.smackcoders.com/documentation/wp-ultimate-csv-importer-pro/polylang-multilingual-content-import-export,LCP,9
https://www.smackcoders.com/documentation/wp-ultimate-csv-importer-pro/import-images-into-wordpress,Poor,9
https://www.smackcoders.com/ja/blog/create-custom-fields-with-acf-in-wordpress.html,LCP,3
https://www.smackcoders.com/ja/blog/create-custom-fields-with-acf-in-wordpress.html,Poor,3
https://www.smackcoders.com/blog/how-to-add-a-free-wordpress-contact-form.html,Poor,1
https://www.smackcoders.com/blog/how-to-install-ioncube-loaders-simple-steps-for-various-hosting-types.html,LCP,1
https://www.smackcoders.com/blog/how-to-install-ioncube-loaders-simple-steps-for-various-hosting-types.html,Poor,1
https://www.smackcoders.com/blog/how-to-install-wamp-and-xampp.html,LCP,1
https://www.smackcoders.com/blog/how-to-install-wamp-and-xampp.html,Poor,1
https://www.smackcoders.com/blog/how-to-prepare-woocommerce-for-high-traffic.html,LCP,1
https://www.smackcoders.com/blog/how-to-prepare-woocommerce-for-high-traffic.html,Poor,1
https://www.smackcoders.com/blog/import-and-export-woocommerce-customers.html,LCP,1
https://www.smackcoders.com/blog/import-and-export-woocommerce-customers.html,Poor,1
https://www.smackcoders.com/blog/import-export-listings-business-directory-plugins.html,LCP,1
https://www.smackcoders.com/blog/import-export-listings-business-directory-plugins.html,Poor,1
https://www.smackcoders.com/blog/import-export-woocommerce-product-reviews.html,LCP,1
https://www.smackcoders.com/blog/import-export-woocommerce-product-reviews.html,Poor,1
https://www.smackcoders.com/blog/import-posts-or-products-from-excel-to-wordpress.html,LCP,1
https://www.smackcoders.com/blog/import-posts-or-products-from-excel-to-wordpress.html,Poor,1
https://www.smackcoders.com/blog/import-woocommerce-products-with-custom-fields.html,LCP,1
https://www.smackcoders.com/blog/import-woocommerce-products-with-custom-fields.html,Poor,1
https://www.smackcoders.com/blog/import-yith-order-tracking-data-and-export-with-csv-importer.html,LCP,1
https://www.smackcoders.com/blog/import-yith-order-tracking-data-and-export-with-csv-importer.html,Poor,1
https://www.smackcoders.com/blog/improve-core-web-vitals-in-wordpress.html,LCP,1
https://www.smackcoders.com/blog/improve-core-web-vitals-in-wordpress.html,Poor,1
https://www.smackcoders.com/blog/introducing-wp-ultimate-csv-importer-8-11.html,LCP,1
https://www.smackcoders.com/blog/introducing-wp-ultimate-csv-importer-8-11.html,Poor,1
https://www.smackcoders.com/blog/migrate-shopify-to-woocommerce.html,LCP,1
https://www.smackcoders.com/blog/migrate-shopify-to-woocommerce.html,Poor,1
https://www.smackcoders.com/blog/monthly-wordpress-maintenance-checklist.html,LCP,1
https://www.smackcoders.com/blog/monthly-wordpress-maintenance-checklist.html,Poor,1
https://www.smackcoders.com/blog/onc-click-import-and-migrate-wordpress.html,LCP,1
https://www.smackcoders.com/blog/onc-click-import-and-migrate-wordpress.html,Poor,1
https://www.smackcoders.com/blog/optimize-wordpress-database-for-large-sites.html,LCP,1
https://www.smackcoders.com/blog/optimize-wordpress-database-for-large-sites.html,Poor,1
https://www.smackcoders.com/blog/polylang-plugin-for-wordpress.html,LCP,1
https://www.smackcoders.com/blog/polylang-plugin-for-wordpress.html,Poor,1
https://www.smackcoders.com/blog/ppom-for-woocommerce-import-export-custom-fields.html,LCP,1
https://www.smackcoders.com/blog/ppom-for-woocommerce-import-export-custom-fields.html,Poor,1
https://www.smackcoders.com/blog/reduce-page-load-time-on-high-content-sites.html,LCP,1
https://www.smackcoders.com/blog/reduce-page-load-time-on-high-content-sites.html,Poor,1
https://www.smackcoders.com/blog/scale-wordpress-for-high-traffic.html,LCP,1
https://www.smackcoders.com/blog/scale-wordpress-for-high-traffic.html,Poor,1
https://www.smackcoders.com/blog/scaling-woocommerce-manage-products-orders.html,LCP,1
https://www.smackcoders.com/blog/scaling-woocommerce-manage-products-orders.html,Poor,1
https://www.smackcoders.com/blog/security-fix-for-wp-ultimate-csv-importer.html,LCP,1
https://www.smackcoders.com/blog/security-fix-for-wp-ultimate-csv-importer.html,Poor,1
https://www.smackcoders.com/blog/ultimate-csv-importer-8-6-wp-rentals-serialized.html,LCP,1
https://www.smackcoders.com/blog/ultimate-csv-importer-8-6-wp-rentals-serialized.html,Poor,1
https://www.smackcoders.com/blog/update-outdated-wordpress-plugins-data.html,LCP,1
https://www.smackcoders.com/blog/update-outdated-wordpress-plugins-data.html,Poor,1
https://www.smackcoders.com/blog/voice-search-optimization.html,LCP,1
https://www.smackcoders.com/blog/voice-search-optimization.html,Poor,1
https://www.smackcoders.com/blog/woocommerce-inventory-management.html,LCP,1
https://www.smackcoders.com/blog/woocommerce-inventory-management.html,Poor,1
https://www.smackcoders.com/blog/woocommerce-maintenance-tasks.html,LCP,1
https://www.smackcoders.com/blog/woocommerce-maintenance-tasks.html,Poor,1
https://www.smackcoders.com/blog/woocommerce-variable-pricing-calculator.html,LCP,1
https://www.smackcoders.com/blog/woocommerce-variable-pricing-calculator.html,Poor,1
https://www.smackcoders.com/blog/woocommerce-vs-magento-pros-and-cons.html,LCP,1
https://www.smackcoders.com/blog/woocommerce-vs-magento-pros-and-cons.html,Poor,1
https://www.smackcoders.com/blog/wordpress-admin-productivity-hacks.html,LCP,1
https://www.smackcoders.com/blog/wordpress-admin-productivity-hacks.html,Poor,1
https://www.smackcoders.com/blog/wordpress-backup-restore-strategy.html,LCP,1
https://www.smackcoders.com/blog/wordpress-backup-restore-strategy.html,Poor,1
https://www.smackcoders.com/blog/wordpress-database-optimization.html,LCP,1
https://www.smackcoders.com/blog/wordpress-database-optimization.html,Poor,1
https://www.smackcoders.com/blog/wordpress-popup-builders.html,LCP,1
https://www.smackcoders.com/blog/wordpress-popup-builders.html,Poor,1
https://www.smackcoders.com/blog/wordpress-security-best-practices.html,LCP,1
https://www.smackcoders.com/blog/wordpress-security-best-practices.html,Poor,1
https://www.smackcoders.com/blog/wordpress-security-checklist.html,LCP,1
https://www.smackcoders.com/blog/wordpress-security-checklist.html,Poor,1
https://www.smackcoders.com/blog/wordpress-seo-guide.html,LCP,1
https://www.smackcoders.com/blog/wordpress-seo-guide.html,Poor,1
https://www.smackcoders.com/blog/wordpress-seo-plugins.html,High,1
https://www.smackcoders.com/blog/wordpress-seo-plugins.html,LCP,1
https://www.smackcoders.com/blog/wordpress-seo-plugins.html,Poor,1
https://www.smackcoders.com/blog/wordpress-seo-plugins.html,but,1
https://www.smackcoders.com/blog/wordpress-seo-plugins.html,clicks,1
https://www.smackcoders.com/blog/wordpress-seo-plugins.html,impressions,1
https://www.smackcoders.com/blog/wordpress-seo-plugins.html,no,1
https://www.smackcoders.com/blog/wordpress-seo-plugins.html,|,1
https://www.smackcoders.com/blog/wordpress-user-role-management-master-guide.html,Indexing,1
https://www.smackcoders.com/blog/wordpress-user-role-management-master-guide.html,LCP,1
https://www.smackcoders.com/blog/wordpress-user-role-management-master-guide.html,Poor,1
https://www.smackcoders.com/blog/wordpress-user-role-management-master-guide.html,issue,1
https://www.smackcoders.com/blog/wordpress-user-role-management-master-guide.html,|,1
https://www.smackcoders.com/blog/wp-query-ultimate-csv-importer-pro.html,LCP,1
https://www.smackcoders.com/blog/wp-query-ultimate-csv-importer-pro.html,Poor,1
https://www.smackcoders.com/blog/wp-ultimate-csv-importer-8-12-edd.html,LCP,1
https://www.smackcoders.com/blog/wp-ultimate-csv-importer-8-12-edd.html,Poor,1
https://www.smackcoders.com/blog/wp-ultimate-csv-importer-8-7-update.html,LCP,1
https://www.smackcoders.com/blog/wp-ultimate-csv-importer-8-7-update.html,Poor,1
https://www.smackcoders.com/blog/wp-ultimate-csv-importer-8-8-ai-preview-validation.html,LCP,1
https://www.smackcoders.com/blog/wp-ultimate-csv-importer-8-8-ai-preview-validation.html,Poor,1
https://www.smackcoders.com/blog/wp-ultimate-csv-importer-pro-price-update.html,LCP,1
https://www.smackcoders.com/blog/wp-ultimate-csv-importer-pro-price-update.html,Poor,1
https://www.smackcoders.com/contact-us.html,LCP,1
https://www.smackcoders.com/contact-us.html,Poor,1
https://www.smackcoders.com/crocoblock-deals.html,LCP,1
https://www.smackcoders.com/crocoblock-deals.html,Poor,1
https://www.smackcoders.com/deals.html,LCP,1
https://www.smackcoders.com/deals.html,Poor,1
https://www.smackcoders.com/documentation.html,LCP,1
https://www.smackcoders.com/documentation.html,Poor,1
https://www.smackcoders.com/documentation/easy-inventory/easy-inventory-and-stock-manager,LCP,1
https://www.smackcoders.com/documentation/easy-inventory/easy-inventory-and-stock-manager,Poor,1
https://www.smackcoders.com/documentation/follow-up-email/follow-up-emails-plugin,LCP,1
https://www.smackcoders.com/documentation/follow-up-email/follow-up-emails-plugin,Poor,1
https://www.smackcoders.com/documentation/user-role-management/getting-started,Indexing,1
https://www.smackcoders.com/documentation/user-role-management/getting-started,issue,1
https://www.smackcoders.com/documentation/woocommerce-to-shopify-integration/w2s-getting-started,LCP,1
https://www.smackcoders.com/documentation/woocommerce-to-shopify-integration/w2s-getting-started,Poor,1
https://www.smackcoders.com/documentation/woocommerce-to-shopify-integration/w2s-pro-features,LCP,1
https://www.smackcoders.com/documentation/woocommerce-to-shopify-integration/w2s-pro-features,Poor,1
https://www.smackcoders.com/documentation/woocommerce-to-shopify-integration/w2s-sync-configuration,LCP,1
https://www.smackcoders.com/documentation/woocommerce-to-shopify-integration/w2s-sync-configuration,Poor,1
https://www.smackcoders.com/documentation/woocommerce-to-shopify-integration/woocommerce-shopify-product-sync,LCP,1
https://www.smackcoders.com/documentation/woocommerce-to-shopify-integration/woocommerce-shopify-product-sync,Poor,1
https://www.smackcoders.com/documentation/woocommerce-to-shopify-integration/woocommerce-to-shopify-customer-sync,LCP,1
https://www.smackcoders.com/documentation/woocommerce-to-shopify-integration/woocommerce-to-shopify-customer-sync,Poor,1
https://www.smackcoders.com/documentation/woocommerce-to-shopify-integration/woocommerce-to-shopify-field-mapping,LCP,1
https://www.smackcoders.com/documentation/woocommerce-to-shopify-integration/woocommerce-to-shopify-field-mapping,Poor,1
https://www.smackcoders.com/documentation/woocommerce-to-shopify-integration/woocommerce-to-shopify-integration-authentication-setup,LCP,1
https://www.smackcoders.com/documentation/woocommerce-to-shopify-integration/woocommerce-to-shopify-integration-authentication-setup,Poor,1
https://www.smackcoders.com/documentation/woocommerce-to-shopify-integration/woocommerce-to-shopify-integration-plugin,LCP,1
https://www.smackcoders.com/documentation/woocommerce-to-shopify-integration/woocommerce-to-shopify-integration-plugin,Poor,1
https://www.smackcoders.com/documentation/woocommerce-to-shopify-integration/woocommerce-to-shopify-order-sync,LCP,1
https://www.smackcoders.com/documentation/woocommerce-to-shopify-integration/woocommerce-to-shopify-order-sync,Poor,1
https://www.smackcoders.com/documentation/woocommerce-to-shopify-integration/woocommerce-to-shopify-sync-faq,LCP,1
https://www.smackcoders.com/documentation/woocommerce-to-shopify-integration/woocommerce-to-shopify-sync-faq,Poor,1
https://www.smackcoders.com/documentation/wordpress-leads-builder-for-any-crm-pro/e-commerce-integration,LCP,1
https://www.smackcoders.com/documentation/wordpress-leads-builder-for-any-crm-pro/e-commerce-integration,Poor,1
https://www.smackcoders.com/documentation/wordpress-leads-builder-for-any-crm-pro/faq-leads-builder,LCP,1
https://www.smackcoders.com/documentation/wordpress-leads-builder-for-any-crm-pro/faq-leads-builder,Poor,1
https://www.smackcoders.com/documentation/wordpress-leads-builder-for-any-crm-pro/lead-builder-for-any-crm,LCP,1
https://www.smackcoders.com/documentation/wordpress-leads-builder-for-any-crm-pro/lead-builder-for-any-crm,Poor,1
https://www.smackcoders.com/documentation/wp-ultimate-csv-importer-pro/advanced-import-filters,LCP,1
https://www.smackcoders.com/documentation/wp-ultimate-csv-importer-pro/advanced-import-filters,Poor,1
https://www.smackcoders.com/documentation/wp-ultimate-csv-importer-pro/ai-integration,LCP,1
https://www.smackcoders.com/documentation/wp-ultimate-csv-importer-pro/ai-integration,Poor,1
https://www.smackcoders.com/documentation/wp-ultimate-csv-importer-pro/bbpress-import-and-update,LCP,1
https://www.smackcoders.com/documentation/wp-ultimate-csv-importer-pro/bbpress-import-and-update,Poor,1
https://www.smackcoders.com/documentation/wp-ultimate-csv-importer-pro/chatgpt-integration,LCP,1
https://www.smackcoders.com/documentation/wp-ultimate-csv-importer-pro/chatgpt-integration,Poor,1
https://www.smackcoders.com/documentation/wp-ultimate-csv-importer-pro/custom-field-suite-import,LCP,1
https://www.smackcoders.com/documentation/wp-ultimate-csv-importer-pro/custom-field-suite-import,Poor,1
https://www.smackcoders.com/documentation/wp-ultimate-csv-importer-pro/export-wordpress-data-using-wp-query,LCP,1
https://www.smackcoders.com/documentation/wp-ultimate-csv-importer-pro/export-wordpress-data-using-wp-query,Poor,1
https://www.smackcoders.com/documentation/wp-ultimate-csv-importer-pro/how-to-import-woocommerce-orders,LCP,1
https://www.smackcoders.com/documentation/wp-ultimate-csv-importer-pro/how-to-import-woocommerce-orders,Poor,1
https://www.smackcoders.com/documentation/wp-ultimate-csv-importer-pro/import-and-export-listings-and-owners-in-wp-rentals,LCP,1
https://www.smackcoders.com/documentation/wp-ultimate-csv-importer-pro/import-and-export-listings-and-owners-in-wp-rentals,Poor,1
https://www.smackcoders.com/documentation/wp-ultimate-csv-importer-pro/import-and-export-lms-data,LCP,1
https://www.smackcoders.com/documentation/wp-ultimate-csv-importer-pro/import-and-export-lms-data,Poor,1
https://www.smackcoders.com/documentation/wp-ultimate-csv-importer-pro/import-and-export-wordpress-users,LCP,1
https://www.smackcoders.com/documentation/wp-ultimate-csv-importer-pro/import-and-export-wordpress-users,Poor,1
https://www.smackcoders.com/documentation/wp-ultimate-csv-importer-pro/import-business-directory-listings-in-wordpress,LCP,1
https://www.smackcoders.com/documentation/wp-ultimate-csv-importer-pro/import-business-directory-listings-in-wordpress,Poor,1
https://www.smackcoders.com/documentation/wp-ultimate-csv-importer-pro/import-data-from-excel-to-wordpress,LCP,1
https://www.smackcoders.com/documentation/wp-ultimate-csv-importer-pro/import-data-from-excel-to-wordpress,Poor,1
https://www.smackcoders.com/documentation/wp-ultimate-csv-importer-pro/import-events-into-wordpress,LCP,1
https://www.smackcoders.com/documentation/wp-ultimate-csv-importer-pro/import-events-into-wordpress,Poor,1
https://www.smackcoders.com/documentation/wp-ultimate-csv-importer-pro/import-export-acpt-fields-in-wordpress,LCP,1
https://www.smackcoders.com/documentation/wp-ultimate-csv-importer-pro/import-export-acpt-fields-in-wordpress,Poor,1
https://www.smackcoders.com/documentation/wp-ultimate-csv-importer-pro/import-export-edd-customers,LCP,1
https://www.smackcoders.com/documentation/wp-ultimate-csv-importer-pro/import-export-edd-customers,Poor,1
https://www.smackcoders.com/documentation/wp-ultimate-csv-importer-pro/import-export-edd-discounts,LCP,1
https://www.smackcoders.com/documentation/wp-ultimate-csv-importer-pro/import-export-edd-discounts,Poor,1
https://www.smackcoders.com/documentation/wp-ultimate-csv-importer-pro/import-export-edd-downloads,LCP,1
https://www.smackcoders.com/documentation/wp-ultimate-csv-importer-pro/import-export-edd-downloads,Poor,1
https://www.smackcoders.com/documentation/wp-ultimate-csv-importer-pro/import-export-edd-orders,LCP,1
https://www.smackcoders.com/documentation/wp-ultimate-csv-importer-pro/import-export-edd-orders,Poor,1
https://www.smackcoders.com/documentation/wp-ultimate-csv-importer-pro/import-export-jetbookings-data,LCP,1
https://www.smackcoders.com/documentation/wp-ultimate-csv-importer-pro/import-export-jetbookings-data,Poor,1
https://www.smackcoders.com/documentation/wp-ultimate-csv-importer-pro/import-export-user-members,LCP,1
https://www.smackcoders.com/documentation/wp-ultimate-csv-importer-pro/import-export-user-members,Poor,1
https://www.smackcoders.com/documentation/wp-ultimate-csv-importer-pro/import-export-users-with-multiple-user-roles,LCP,1
https://www.smackcoders.com/documentation/wp-ultimate-csv-importer-pro/import-export-users-with-multiple-user-roles,Poor,1
https://www.smackcoders.com/documentation/wp-ultimate-csv-importer-pro/import-jetreview-data-into-wordpress,LCP,1
https://www.smackcoders.com/documentation/wp-ultimate-csv-importer-pro/import-jetreview-data-into-wordpress,Poor,1
https://www.smackcoders.com/documentation/wp-ultimate-csv-importer-pro/import-serialized-fields-data,LCP,1
https://www.smackcoders.com/documentation/wp-ultimate-csv-importer-pro/import-serialized-fields-data,Poor,1
https://www.smackcoders.com/documentation/wp-ultimate-csv-importer-pro/import-woocommerce-customers,LCP,1
https://www.smackcoders.com/documentation/wp-ultimate-csv-importer-pro/import-woocommerce-customers,Poor,1
https://www.smackcoders.com/documentation/wp-ultimate-csv-importer-pro/importer-faq,LCP,1
https://www.smackcoders.com/documentation/wp-ultimate-csv-importer-pro/importer-faq,Poor,1
https://www.smackcoders.com/documentation/wp-ultimate-csv-importer-pro/iteration-based-import,LCP,1
https://www.smackcoders.com/documentation/wp-ultimate-csv-importer-pro/iteration-based-import,Poor,1
https://www.smackcoders.com/documentation/wp-ultimate-csv-importer-pro/learnpress-data-import,LCP,1
https://www.smackcoders.com/documentation/wp-ultimate-csv-importer-pro/learnpress-data-import,Poor,1
https://www.smackcoders.com/documentation/wp-ultimate-csv-importer-pro/let-clients-export-wordpress-data,LCP,1
https://www.smackcoders.com/documentation/wp-ultimate-csv-importer-pro/let-clients-export-wordpress-data,Poor,1
https://www.smackcoders.com/documentation/wp-ultimate-csv-importer-pro/metabox-import-export,LCP,1
https://www.smackcoders.com/documentation/wp-ultimate-csv-importer-pro/metabox-import-export,Poor,1
https://www.smackcoders.com/documentation/wp-ultimate-csv-importer-pro/migrate-wordpress-and-woocommerce-data,LCP,1
https://www.smackcoders.com/documentation/wp-ultimate-csv-importer-pro/migrate-wordpress-and-woocommerce-data,Poor,1
https://www.smackcoders.com/documentation/wp-ultimate-csv-importer-pro/post-page-custompost-import,LCP,1
https://www.smackcoders.com/documentation/wp-ultimate-csv-importer-pro/post-page-custompost-import,Poor,1
https://www.smackcoders.com/documentation/wp-ultimate-csv-importer-pro/seo-import,LCP,1
https://www.smackcoders.com/documentation/wp-ultimate-csv-importer-pro/seo-import,Poor,1
https://www.smackcoders.com/documentation/wp-ultimate-csv-importer-pro/seopress-import-export,LCP,1
https://www.smackcoders.com/documentation/wp-ultimate-csv-importer-pro/seopress-import-export,Poor,1
https://www.smackcoders.com/documentation/wp-ultimate-csv-importer-pro/slim-seo-metadata-import-export,LCP,1
https://www.smackcoders.com/documentation/wp-ultimate-csv-importer-pro/slim-seo-metadata-import-export,Poor,1
https://www.smackcoders.com/documentation/wp-ultimate-csv-importer-pro/the-events-calendar-import-export,LCP,1
https://www.smackcoders.com/documentation/wp-ultimate-csv-importer-pro/the-events-calendar-import-export,Poor,1
https://www.smackcoders.com/documentation/wp-ultimate-csv-importer-pro/toolset-types-import,LCP,1
https://www.smackcoders.com/documentation/wp-ultimate-csv-importer-pro/toolset-types-import,Poor,1
https://www.smackcoders.com/documentation/wp-ultimate-csv-importer-pro/troubleshooting-guide,LCP,1
https://www.smackcoders.com/documentation/wp-ultimate-csv-importer-pro/troubleshooting-guide,Poor,1
https://www.smackcoders.com/documentation/wp-ultimate-csv-importer-pro/what-is-elementor-import-export,LCP,1
https://www.smackcoders.com/documentation/wp-ultimate-csv-importer-pro/what-is-elementor-import-export,Poor,1
https://www.smackcoders.com/documentation/wp-ultimate-csv-importer-pro/wordpress-export-import-single-page,LCP,1
https://www.smackcoders.com/documentation/wp-ultimate-csv-importer-pro/wordpress-export-import-single-page,Poor,1
https://www.smackcoders.com/documentation/wp-ultimate-csv-importer-pro/wpml-multilingual-import,LCP,1
https://www.smackcoders.com/documentation/wp-ultimate-csv-importer-pro/wpml-multilingual-import,Poor,1
https://www.smackcoders.com/easy-inventory-and-stock-manager-for-woocommerce.html,LCP,1
https://www.smackcoders.com/easy-inventory-and-stock-manager-for-woocommerce.html,Poor,1
https://www.smackcoders.com/es,LCP,1
https://www.smackcoders.com/es,Poor,1
https://www.smackcoders.com/es/administrador-de-bibliotecas-de-medios-aio-wp.html,LCP,1
https://www.smackcoders.com/es/administrador-de-bibliotecas-de-medios-aio-wp.html,Poor,1
https://www.smackcoders.com/es/administrador-facil-de-inventario-y-stock-para-woocommerce.html,LCP,1
https://www.smackcoders.com/es/administrador-facil-de-inventario-y-stock-para-woocommerce.html,Poor,1
https://www.smackcoders.com/es/alternativa-de-importacion-de-wp-all.html,LCP,1
https://www.smackcoders.com/es/alternativa-de-importacion-de-wp-all.html,Poor,1
https://www.smackcoders.com/es/asociacion.html,LCP,1
https://www.smackcoders.com/es/asociacion.html,Poor,1
https://www.smackcoders.com/es/atencion-al-cliente-smackcoders.html,LCP,1
https://www.smackcoders.com/es/atencion-al-cliente-smackcoders.html,Poor,1
https://www.smackcoders.com/es/blog.html,LCP,1
https://www.smackcoders.com/es/blog.html,Poor,1
https://www.smackcoders.com/es/blog/acelera-tu-sitio-web-de-wordpress.html,LCP,1
https://www.smackcoders.com/es/blog/acelera-tu-sitio-web-de-wordpress.html,Poor,1
https://www.smackcoders.com/es/blog/como-crear-e-importar-tipos-de-publicaciones-personalizadas-en-wordpress.html,LCP,1
https://www.smackcoders.com/es/blog/como-crear-e-importar-tipos-de-publicaciones-personalizadas-en-wordpress.html,Poor,1
https://www.smackcoders.com/es/blog/como-importar-archivos-csv-en-wordpress-sin-un-plugin.html,Indexing,1
https://www.smackcoders.com/es/blog/como-importar-archivos-csv-en-wordpress-sin-un-plugin.html,LCP,1
https://www.smackcoders.com/es/blog/como-importar-archivos-csv-en-wordpress-sin-un-plugin.html,Poor,1
https://www.smackcoders.com/es/blog/como-importar-archivos-csv-en-wordpress-sin-un-plugin.html,issue,1
https://www.smackcoders.com/es/blog/como-importar-archivos-csv-en-wordpress-sin-un-plugin.html,|,1
https://www.smackcoders.com/es/blog/como-instalar-cargadores-ioncube-para-varios-tipos-de-alojamiento.html,LCP,1
https://www.smackcoders.com/es/blog/como-instalar-cargadores-ioncube-para-varios-tipos-de-alojamiento.html,Poor,1
https://www.smackcoders.com/es/blog/correccion-de-seguridad-para-el-wp-ultimate-csv-importer.html,LCP,1
https://www.smackcoders.com/es/blog/correccion-de-seguridad-para-el-wp-ultimate-csv-importer.html,Poor,1
https://www.smackcoders.com/es/blog/creacion-de-taxonomias-personalizadas-con-el-complemento-acf-una-guia-paso-a-paso.html,LCP,1
https://www.smackcoders.com/es/blog/creacion-de-taxonomias-personalizadas-con-el-complemento-acf-una-guia-paso-a-paso.html,Poor,1
https://www.smackcoders.com/es/blog/cree-campos-personalizados-con-acf-en-wordpress.html,Indexing,1
https://www.smackcoders.com/es/blog/cree-campos-personalizados-con-acf-en-wordpress.html,LCP,1
https://www.smackcoders.com/es/blog/cree-campos-personalizados-con-acf-en-wordpress.html,Poor,1
https://www.smackcoders.com/es/blog/cree-campos-personalizados-con-acf-en-wordpress.html,issue,1
https://www.smackcoders.com/es/blog/cree-campos-personalizados-con-acf-en-wordpress.html,|,1
https://www.smackcoders.com/wp-ultimate-csv-importer-pro/import-wpml-multilingual-content.html,LCP,1
https://www.smackcoders.com/wp-ultimate-csv-importer-pro/import-meta-box-fields.html,Poor,1
https://www.smackcoders.com/blog/a-guide-to-wordpress-caching.html,LCP,1
https://www.smackcoders.com/wp-ultimate-exporter.html,Poor,1
https://www.smackcoders.com/es/blog/exportar-pedidos-de-woocommerce-a-hojas-de-calculo-de-google.html,LCP,1
https://www.smackcoders.com/es/blog/exportar-pedidos-de-woocommerce-a-hojas-de-calculo-de-google.html,Poor,1
https://www.smackcoders.com/es/blog/funciones-avanzadas-de-polylang-para-sitios-web-multilingues.html,LCP,1
https://www.smackcoders.com/es/blog/funciones-avanzadas-de-polylang-para-sitios-web-multilingues.html,Poor,1
https://www.smackcoders.com/es/blog/ia-en-wordpress.html,LCP,1
https://www.smackcoders.com/es/blog/ia-en-wordpress.html,Poor,1
https://www.smackcoders.com/es/blog/importar-exportar-resenas-productos-woocommerce.html,LCP,1
https://www.smackcoders.com/es/blog/importar-exportar-resenas-productos-woocommerce.html,Poor,1
https://www.smackcoders.com/,LCP,1
https://www.smackcoders.com/,Poor,1
https://www.smackcoders.com/about-us.html,LCP,1
https://www.smackcoders.com/about-us.html,Poor,1
https://www.smackcoders.com/es/blog/importar-productos-variables-a-woocommerce-usando-ultimate-csv-importer.html,LCP,1
https://www.smackcoders.com/es/blog/importar-productos-variables-a-woocommerce-usando-ultimate-csv-importer.html,Poor,1
https://www.smackcoders.com/es/blog/importar-y-exportar-clientes-de-woocommerce.html,LCP,1
https://www.smackcoders.com/es/blog/importar-y-exportar-clientes-de-woocommerce.html,Poor,1
https://www.smackcoders.com/es/blog/migrar-shopify-a-woocommerce.html,LCP,1
https://www.smackcoders.com/es/blog/migrar-shopify-a-woocommerce.html,Poor,1
https://www.smackcoders.com/es/blog/personalizacion-impulsada-por-ia.html,LCP,1
https://www.smackcoders.com/es/blog/personalizacion-impulsada-por-ia.html,Poor,1
https://www.smackcoders.com/es/blog/plugins-de-afiliados-de-woocommerce.html,LCP,1
https://www.smackcoders.com/es/blog/plugins-de-afiliados-de-woocommerce.html,Poor,1
https://www.smackcoders.com/es/blog/plugins-seo-de-wordpress.html,LCP,1
https://www.smackcoders.com/es/blog/plugins-seo-de-wordpress.html,Poor,1
https://www.smackcoders.com/wp-all-import-alternative.html,LCP,1
https://www.smackcoders.com/blog/a-guide-to-wordpress-caching.html,Poor,1
https://www.smackcoders.com/es/blog/tienda-woocommerce-para-usuarios-moviles.html,LCP,1
https://www.smackcoders.com/es/blog/tienda-woocommerce-para-usuarios-moviles.html,Poor,1
https://www.smackcoders.com/es/blog/video-marketing-de-comercio-electronico.html,LCP,1
https://www.smackcoders.com/es/blog/video-marketing-de-comercio-electronico.html,Poor,1
https://www.smackcoders.com/es/contactenos.html,LCP,1
https://www.smackcoders.com/es/contactenos.html,Poor,1
https://www.smackcoders.com/es/correos-electronicos-de-seguimiento-de-wp.html,LCP,1
https://www.smackcoders.com/es/correos-electronicos-de-seguimiento-de-wp.html,Poor,1
https://www.smackcoders.com/es/creador-de-leads-de-wordpress-para-cualquier-crm.html,LCP,1
https://www.smackcoders.com/es/creador-de-leads-de-wordpress-para-cualquier-crm.html,Poor,1
https://www.smackcoders.com/es/documentation/creador-de-prospectos-de-wordpress-para-cualquier-profesional-de-crm/lead-builder-para-cualquier-crm-integracion-de-comercio-electronico,LCP,1
https://www.smackcoders.com/es/documentation/creador-de-prospectos-de-wordpress-para-cualquier-profesional-de-crm/lead-builder-para-cualquier-crm-integracion-de-comercio-electronico,Poor,1
https://www.smackcoders.com/es/documentation/creador-de-prospectos-de-wordpress-para-cualquier-profesional-de-crm/preguntas-frecuentes-sobre-el-lead-builder-y-videos,LCP,1
https://www.smackcoders.com/es/documentation/creador-de-prospectos-de-wordpress-para-cualquier-profesional-de-crm/preguntas-frecuentes-sobre-el-lead-builder-y-videos,Poor,1
https://www.smackcoders.com/es/documentation/creador-de-prospectos-de-wordpress-para-cualquier-profesional-de-crm/wp-lead-builder-para-cualquier-crm,LCP,1
https://www.smackcoders.com/es/documentation/creador-de-prospectos-de-wordpress-para-cualquier-profesional-de-crm/wp-lead-builder-para-cualquier-crm,Poor,1
https://www.smackcoders.com/es/documentation/wp-exportador-definitivo/introduccion-exportador-definitivo,LCP,1
https://www.smackcoders.com/es/documentation/wp-exportador-definitivo/introduccion-exportador-definitivo,Poor,1
https://www.smackcoders.com/es/documentation/wp-ultimate-csv-importer-pro/campo-personalizado-de-meta-box-clonable,LCP,1
https://www.smackcoders.com/es/documentation/wp-ultimate-csv-importer-pro/campo-personalizado-de-meta-box-clonable,Poor,1
https://www.smackcoders.com/es/documentation/wp-ultimate-csv-importer-pro/como-importar-productos-variables-en-woocommerce,LCP,1
https://www.smackcoders.com/es/documentation/wp-ultimate-csv-importer-pro/como-importar-productos-variables-en-woocommerce,Poor,1
https://www.smackcoders.com/es/documentation/wp-ultimate-csv-importer-pro/exportacion-de-wordpress-importar-una-sola-pagina,LCP,1
https://www.smackcoders.com/es/documentation/wp-ultimate-csv-importer-pro/exportacion-de-wordpress-importar-una-sola-pagina,Poor,1
https://www.smackcoders.com/es/documentation/wp-ultimate-csv-importer-pro/importacion-de-publicaciones-paginas-y-publicaciones-personalizadas,Indexing,1
https://www.smackcoders.com/es/documentation/wp-ultimate-csv-importer-pro/importacion-de-publicaciones-paginas-y-publicaciones-personalizadas,issue,1
https://www.smackcoders.com/es/documentation/wp-ultimate-csv-importer-pro/importar-exportar-datos-de-jetbookings,LCP,1
https://www.smackcoders.com/es/documentation/wp-ultimate-csv-importer-pro/importar-exportar-datos-de-jetbookings,Poor,1
https://www.smackcoders.com/es/documentation/wp-ultimate-csv-importer-pro/importar-listados-de-directorios-comerciales-en-wordpress,LCP,1
https://www.smackcoders.com/es/documentation/wp-ultimate-csv-importer-pro/importar-listados-de-directorios-comerciales-en-wordpress,Poor,1
https://www.smackcoders.com/es/documentation/wp-ultimate-csv-importer-pro/importar-usuarios-de-exportacion-con-varios-roles-de-usuario,LCP,1
https://www.smackcoders.com/es/documentation/wp-ultimate-csv-importer-pro/importar-usuarios-de-exportacion-con-varios-roles-de-usuario,Poor,1
https://www.smackcoders.com/es/documentation/wp-ultimate-csv-importer-pro/importar-y-exportar-campos-acpt-en-wordpress,LCP,1
https://www.smackcoders.com/es/documentation/wp-ultimate-csv-importer-pro/importar-y-exportar-campos-acpt-en-wordpress,Poor,1
https://www.smackcoders.com/es/documentation/wp-ultimate-csv-importer-pro/importar-y-exportar-datos-lms-en-wordpress,LCP,1
https://www.smackcoders.com/es/documentation/wp-ultimate-csv-importer-pro/importar-y-exportar-datos-lms-en-wordpress,Poor,1
https://www.smackcoders.com/es/documentation/wp-ultimate-csv-importer-pro/importar-y-exportar-imagenes-de-la-galeria-nextgen,LCP,1
https://www.smackcoders.com/es/documentation/wp-ultimate-csv-importer-pro/importar-y-exportar-imagenes-de-la-galeria-nextgen,Poor,1
https://www.smackcoders.com/es/documentation/wp-ultimate-csv-importer-pro/importar-y-exportar-listados-y-propietarios-en-wp-rentals,LCP,1
https://www.smackcoders.com/es/documentation/wp-ultimate-csv-importer-pro/importar-y-exportar-listados-y-propietarios-en-wp-rentals,Poor,1
https://www.smackcoders.com/es/documentation/wp-ultimate-csv-importer-pro/importar-y-exportar-resenas-de-woocommerce,LCP,1
https://www.smackcoders.com/es/documentation/wp-ultimate-csv-importer-pro/importar-y-exportar-resenas-de-woocommerce,Poor,1
https://www.smackcoders.com/es/documentation/wp-ultimate-csv-importer-pro/importar-y-exportar-usuarios-de-wordpress,LCP,1
https://www.smackcoders.com/es/documentation/wp-ultimate-csv-importer-pro/importar-y-exportar-usuarios-de-wordpress,Poor,1
https://www.smackcoders.com/es/documentation/wp-ultimate-csv-importer-pro/integracion-de-ia,LCP,1
https://www.smackcoders.com/es/documentation/wp-ultimate-csv-importer-pro/integracion-de-ia,Poor,1
https://www.smackcoders.com/es/documentation/wp-ultimate-csv-importer-pro/introduccion-al-plugin-de-wordpress-ultimate-csv-xml-importer,LCP,1
https://www.smackcoders.com/es/documentation/wp-ultimate-csv-importer-pro/introduccion-al-plugin-de-wordpress-ultimate-csv-xml-importer,Poor,1
https://www.smackcoders.com/es/documentation/wp-ultimate-csv-importer-pro/los-clientes-exportan-datos-de-wordpress,Indexing,1
https://www.smackcoders.com/es/documentation/wp-ultimate-csv-importer-pro/los-clientes-exportan-datos-de-wordpress,issue,1
https://www.smackcoders.com/es/terminos-y-condiciones.html,Indexing,1
https://www.smackcoders.com/es/terminos-y-condiciones.html,LCP,1
https://www.smackcoders.com/es/terminos-y-condiciones.html,Poor,1
https://www.smackcoders.com/es/terminos-y-condiciones.html,issue,1
https://www.smackcoders.com/es/terminos-y-condiciones.html,|,1
https://www.smackcoders.com/es/wp-exportador-definitivo.html,LCP,1
https://www.smackcoders.com/es/wp-exportador-definitivo.html,Poor,1
https://www.smackcoders.com/es/wp-ultimate-csv-importer-pro.html,LCP,1
https://www.smackcoders.com/es/wp-ultimate-csv-importer-pro.html,Poor,1
https://www.smackcoders.com/es/wp-ultimate-csv-importer-pro/caracteristicas.html,LCP,1
https://www.smackcoders.com/es/wp-ultimate-csv-importer-pro/caracteristicas.html,Poor,1
https://www.smackcoders.com/es/wp-ultimate-csv-importer-pro/importacion-de-metadatos-seo.html,LCP,1
https://www.smackcoders.com/es/wp-ultimate-csv-importer-pro/importacion-de-metadatos-seo.html,Poor,1
https://www.smackcoders.com/es/wp-ultimate-csv-importer-pro/importacion-de-toolset-types.html,LCP,1
https://www.smackcoders.com/es/wp-ultimate-csv-importer-pro/importacion-de-toolset-types.html,Poor,1
https://www.smackcoders.com/es/wp-ultimate-csv-importer-pro/importacion-exportacion-jetengine-con-ultimate-csv-importer.html,LCP,1
https://www.smackcoders.com/es/wp-ultimate-csv-importer-pro/importacion-exportacion-jetengine-con-ultimate-csv-importer.html,Poor,1
https://www.smackcoders.com/es/wp-ultimate-csv-importer-pro/importar-campos-meta-box.html,LCP,1
https://www.smackcoders.com/es/wp-ultimate-csv-importer-pro/importar-campos-meta-box.html,Poor,1
https://www.smackcoders.com/es/wp-ultimate-csv-importer-pro/importar-campos-personalizados-acf-desde-csv.html,LCP,1
https://www.smackcoders.com/es/wp-ultimate-csv-importer-pro/importar-campos-personalizados-acf-desde-csv.html,Poor,1
https://www.smackcoders.com/es/wp-ultimate-csv-importer-pro/importar-contenido-multilingue-de-wpml.html,LCP,1
https://www.smackcoders.com/es/wp-ultimate-csv-importer-pro/importar-contenido-multilingue-de-wpml.html,Poor,1
https://www.smackcoders.com/es/wp-ultimate-csv-importer-pro/importar-productos-de-woocommerce.html,LCP,1
https://www.smackcoders.com/es/wp-ultimate-csv-importer-pro/importar-productos-de-woocommerce.html,Poor,1
https://www.smackcoders.com/es/wp-ultimate-csv-importer-pro/precios.html,LCP,1
https://www.smackcoders.com/es/wp-ultimate-csv-importer-pro/precios.html,Poor,1
https://www.smackcoders.com/es/wp-ultimate-csv-importer-pro/traduccion-de-importacion-de-polylang.html,LCP,1
https://www.smackcoders.com/es/wp-ultimate-csv-importer-pro/traduccion-de-importacion-de-polylang.html,Poor,1
https://www.smackcoders.com/how-to-create-wordpress-post.html,LCP,1
https://www.smackcoders.com/how-to-create-wordpress-post.html,Poor,1
https://www.smackcoders.com/ja,LCP,1
https://www.smackcoders.com/ja,Poor,1
https://www.smackcoders.com/ja/aio-wp-media-library-manager.html,LCP,1
https://www.smackcoders.com/ja/aio-wp-media-library-manager.html,Poor,1
https://www.smackcoders.com/ja/blog.html,LCP,1
https://www.smackcoders.com/ja/blog.html,Poor,1
https://www.smackcoders.com/blog/advanced-techniques-for-wordpress-import-and-export.html,LCP,1
https://www.smackcoders.com/blog/advanced-techniques-for-wordpress-import-and-export.html,Poor,1
https://www.smackcoders.com/ja/blog/add-images-to-wordpress.html,Indexing,1
https://www.smackcoders.com/ja/blog/add-images-to-wordpress.html,issue,1
https://www.smackcoders.com/blog/ai-powered-personalization-for-ecommerce.html,LCP,1
https://www.smackcoders.com/blog/ai-powered-personalization-for-ecommerce.html,Poor,1
https://www.smackcoders.com/ja/blog/ai-in-wordpress.html,LCP,1
https://www.smackcoders.com/ja/blog/ai-in-wordpress.html,Poor,1
https://www.smackcoders.com/ja/blog/ai-powered-personalization-for-ecommerce.html,LCP,1
https://www.smackcoders.com/ja/blog/ai-powered-personalization-for-ecommerce.html,Poor,1
https://www.smackcoders.com/ja/blog/blog-create-and-import-custom-post-types-in-wordpress.html,LCP,1
https://www.smackcoders.com/ja/blog/blog-create-and-import-custom-post-types-in-wordpress.html,Poor,1
https://www.smackcoders.com/blog/ai-wordpress-security.html,LCP,1
https://www.smackcoders.com/blog/ai-wordpress-security.html,Poor,1
https://www.smackcoders.com/ja/blog/create-custom-taxonomies-with-acf.html,LCP,1
https://www.smackcoders.com/ja/blog/create-custom-taxonomies-with-acf.html,Poor,1
https://www.smackcoders.com/blog/avoid-common-woocommerce-store-mistakes.html,LCP,1
https://www.smackcoders.com/blog/avoid-common-woocommerce-store-mistakes.html,Poor,1
https://www.smackcoders.com/blog/best-multipurpose-wordpress-themes.html,LCP,1
https://www.smackcoders.com/aio-wp-media-library-manager.html,Poor,1
https://www.smackcoders.com/ja/blog/export-import-single-wordpress-post-page-product.html,LCP,1
https://www.smackcoders.com/ja/blog/export-import-single-wordpress-post-page-product.html,Poor,1
https://www.smackcoders.com/ja/blog/export-woocommerce-orders-to-google-sheets.html,LCP,1
https://www.smackcoders.com/ja/blog/export-woocommerce-orders-to-google-sheets.html,Poor,1
https://www.smackcoders.com/blog/best-practices-for-wordpress-sites.html,LCP,1
https://www.smackcoders.com/blog/best-practices-for-wordpress-sites.html,Poor,1
https://www.smackcoders.com/blog/best-woocommerce-plugins.html,LCP,1
https://www.smackcoders.com/blog/best-woocommerce-plugins.html,Poor,1
https://www.smackcoders.com/blog/build-dynamic-wordpress-sites-with-custom-post-types.html,LCP,1
https://www.smackcoders.com/blog/build-dynamic-wordpress-sites-with-custom-post-types.html,Poor,1
https://www.smackcoders.com/blog/create-a-form-in-wordpress-without-plugins.html,LCP,1
https://www.smackcoders.com/blog/create-a-form-in-wordpress-without-plugins.html,Poor,1
https://www.smackcoders.com/ja/blog/import-variable-products-into-woocommerce.html,Indexing,1
https://www.smackcoders.com/ja/blog/import-variable-products-into-woocommerce.html,LCP,1
https://www.smackcoders.com/ja/blog/import-variable-products-into-woocommerce.html,Poor,1
https://www.smackcoders.com/ja/blog/import-variable-products-into-woocommerce.html,issue,1
https://www.smackcoders.com/ja/blog/import-variable-products-into-woocommerce.html,|,1
https://www.smackcoders.com/blog/create-an-online-store-with-wordpress.html,LCP,1
https://www.smackcoders.com/blog/create-an-online-store-with-wordpress.html,Poor,1
https://www.smackcoders.com/ja/blog/pre-orders-and-backorders-in-woocommerce.html,LCP,1
https://www.smackcoders.com/ja/blog/pre-orders-and-backorders-in-woocommerce.html,Poor,1
https://www.smackcoders.com/ja/blog/social-media-marketing-for-small-businesses.html,LCP,1
https://www.smackcoders.com/ja/blog/social-media-marketing-for-small-businesses.html,Poor,1
https://www.smackcoders.com/ja/blog/wordpress-seo-guide.html,LCP,1
https://www.smackcoders.com/ja/blog/wordpress-seo-guide.html,Poor,1
https://www.smackcoders.com/ja/blog/wordpress-ultimate-csv-importer-csv-sample-files-and-updates.html,LCP,1
https://www.smackcoders.com/ja/blog/wordpress-ultimate-csv-importer-csv-sample-files-and-updates.html,Poor,1
https://www.smackcoders.com/ja/contact-us.html,LCP,1
https://www.smackcoders.com/ja/contact-us.html,Poor,1
https://www.smackcoders.com/ja/documentation/wordpress-leads-builder-for-any-crm-pro/e-commerce-integration,LCP,1
https://www.smackcoders.com/ja/documentation/wordpress-leads-builder-for-any-crm-pro/e-commerce-integration,Poor,1
https://www.smackcoders.com/ja/documentation/wordpress-leads-builder-for-any-crm-pro/faq-leads-builder,LCP,1
https://www.smackcoders.com/ja/documentation/wordpress-leads-builder-for-any-crm-pro/faq-leads-builder,Poor,1
https://www.smackcoders.com/ja/documentation/wordpress-leads-builder-for-any-crm-pro/lead-builder-for-any-crm,LCP,1
https://www.smackcoders.com/ja/documentation/wordpress-leads-builder-for-any-crm-pro/lead-builder-for-any-crm,Poor,1
https://www.smackcoders.com/blog/create-custom-fields-with-acf-in-wordpress.html,Indexing,1
https://www.smackcoders.com/blog/create-custom-fields-with-acf-in-wordpress.html,LCP,1
https://www.smackcoders.com/ja/documentation/wp-ultimate-csv-importer/advanced-import-filters,LCP,1
https://www.smackcoders.com/ja/documentation/wp-ultimate-csv-importer/advanced-import-filters,Poor,1
https://www.smackcoders.com/ja/documentation/wp-ultimate-csv-importer/ai-integration,LCP,1
https://www.smackcoders.com/ja/documentation/wp-ultimate-csv-importer/ai-integration,Poor,1
https://www.smackcoders.com/ja/documentation/wp-ultimate-csv-importer/bbpress-import-and-update,LCP,1
https://www.smackcoders.com/ja/documentation/wp-ultimate-csv-importer/bbpress-import-and-update,Poor,1
https://www.smackcoders.com/ja/documentation/wp-ultimate-csv-importer/chatgpt-integration,LCP,1
https://www.smackcoders.com/ja/documentation/wp-ultimate-csv-importer/chatgpt-integration,Poor,1
https://www.smackcoders.com/ja/documentation/wp-ultimate-csv-importer/custom-field-suite-import,LCP,1
https://www.smackcoders.com/ja/documentation/wp-ultimate-csv-importer/custom-field-suite-import,Poor,1
https://www.smackcoders.com/ja/documentation/wp-ultimate-csv-importer/export-wordpress-data-using-wp-query,LCP,1
https://www.smackcoders.com/ja/documentation/wp-ultimate-csv-importer/export-wordpress-data-using-wp-query,Poor,1
https://www.smackcoders.com/blog/create-custom-fields-with-acf-in-wordpress.html,Poor,1
https://www.smackcoders.com/blog/create-custom-fields-with-acf-in-wordpress.html,issue,1
https://www.smackcoders.com/ja/documentation/wp-ultimate-csv-importer/how-to-import-schedule-or-update,LCP,1
https://www.smackcoders.com/ja/documentation/wp-ultimate-csv-importer/how-to-import-schedule-or-update,Poor,1
https://www.smackcoders.com/ja/documentation/wp-ultimate-csv-importer/how-to-import-variable-products-in-woocommerce,LCP,1
https://www.smackcoders.com/ja/documentation/wp-ultimate-csv-importer/how-to-import-variable-products-in-woocommerce,Poor,1
https://www.smackcoders.com/ja/documentation/wp-ultimate-csv-importer/how-to-import-woocommerce-orders,LCP,1
https://www.smackcoders.com/ja/documentation/wp-ultimate-csv-importer/how-to-import-woocommerce-orders,Poor,1
https://www.smackcoders.com/ja/documentation/wp-ultimate-csv-importer/import-and-export-listings-and-owners-in-wp-rentals,LCP,1
https://www.smackcoders.com/ja/documentation/wp-ultimate-csv-importer/import-and-export-listings-and-owners-in-wp-rentals,Poor,1
https://www.smackcoders.com/ja/documentation/wp-ultimate-csv-importer/import-and-export-lms-data,LCP,1
https://www.smackcoders.com/ja/documentation/wp-ultimate-csv-importer/import-and-export-lms-data,Poor,1
https://www.smackcoders.com/ja/documentation/wp-ultimate-csv-importer/import-and-export-nextgen-gallery-images,LCP,1
https://www.smackcoders.com/ja/documentation/wp-ultimate-csv-importer/import-and-export-nextgen-gallery-images,Poor,1
https://www.smackcoders.com/ja/documentation/wp-ultimate-csv-importer/import-and-export-woocommerce-reviews,LCP,1
https://www.smackcoders.com/ja/documentation/wp-ultimate-csv-importer/import-and-export-woocommerce-reviews,Poor,1
https://www.smackcoders.com/ja/documentation/wp-ultimate-csv-importer/import-and-export-wordpress-users,LCP,1
https://www.smackcoders.com/ja/documentation/wp-ultimate-csv-importer/import-and-export-wordpress-users,Poor,1
https://www.smackcoders.com/ja/documentation/wp-ultimate-csv-importer/import-business-directory-listings-in-wordpress,LCP,1
https://www.smackcoders.com/ja/documentation/wp-ultimate-csv-importer/import-business-directory-listings-in-wordpress,Poor,1
https://www.smackcoders.com/ja/documentation/wp-ultimate-csv-importer/import-data-from-excel-to-wordpress,LCP,1
https://www.smackcoders.com/ja/documentation/wp-ultimate-csv-importer/import-data-from-excel-to-wordpress,Poor,1
https://www.smackcoders.com/ja/documentation/wp-ultimate-csv-importer/import-events-into-wordpress,Indexing,1
https://www.smackcoders.com/ja/documentation/wp-ultimate-csv-importer/import-events-into-wordpress,LCP,1
https://www.smackcoders.com/ja/documentation/wp-ultimate-csv-importer/import-events-into-wordpress,Poor,1
https://www.smackcoders.com/ja/documentation/wp-ultimate-csv-importer/import-events-into-wordpress,issue,1
https://www.smackcoders.com/ja/documentation/wp-ultimate-csv-importer/import-events-into-wordpress,|,1
https://www.smackcoders.com/ja/documentation/wp-ultimate-csv-importer/import-export-acpt-fields-in-wordpress,LCP,1
https://www.smackcoders.com/ja/documentation/wp-ultimate-csv-importer/import-export-acpt-fields-in-wordpress,Poor,1
https://www.smackcoders.com/ja/documentation/wp-ultimate-csv-importer/import-export-jetbookings-data,LCP,1
https://www.smackcoders.com/ja/documentation/wp-ultimate-csv-importer/import-export-jetbookings-data,Poor,1
https://www.smackcoders.com/ja/documentation/wp-ultimate-csv-importer/import-export-user-members,LCP,1
https://www.smackcoders.com/ja/documentation/wp-ultimate-csv-importer/import-export-user-members,Poor,1
https://www.smackcoders.com/ja/documentation/wp-ultimate-csv-importer/import-export-users-with-multiple-user-roles,LCP,1
https://www.smackcoders.com/ja/documentation/wp-ultimate-csv-importer/import-export-users-with-multiple-user-roles,Poor,1
https://www.smackcoders.com/blog/create-custom-fields-with-acf-in-wordpress.html,|,1
https://www.smackcoders.com/blog/create-custom-taxonomies-with-acf.html,LCP,1
https://www.smackcoders.com/ja/documentation/wp-ultimate-csv-importer/import-jetreview-data-into-wordpress,LCP,1
https://www.smackcoders.com/ja/documentation/wp-ultimate-csv-importer/import-jetreview-data-into-wordpress,Poor,1
https://www.smackcoders.com/ja/documentation/wp-ultimate-csv-importer/import-serialized-fields-data,LCP,1
https://www.smackcoders.com/ja/documentation/wp-ultimate-csv-importer/import-serialized-fields-data,Poor,1
https://www.smackcoders.com/ja/documentation/wp-ultimate-csv-importer/import-woocommerce-customers,LCP,1
https://www.smackcoders.com/ja/documentation/wp-ultimate-csv-importer/import-woocommerce-customers,Poor,1
https://www.smackcoders.com/blog/create-custom-taxonomies-with-acf.html,Poor,1
https://www.smackcoders.com/blog/ecommerce-video-marketing.html,LCP,1
https://www.smackcoders.com/ja/documentation/wp-ultimate-csv-importer/importer-faq,LCP,1
https://www.smackcoders.com/ja/documentation/wp-ultimate-csv-importer/importer-faq,Poor,1
https://www.smackcoders.com/ja/documentation/wp-ultimate-csv-importer/iteration-based-import,LCP,1
https://www.smackcoders.com/ja/documentation/wp-ultimate-csv-importer/iteration-based-import,Poor,1
https://www.smackcoders.com/ja/documentation/wp-ultimate-csv-importer/jet-engine-data-import,LCP,1
https://www.smackcoders.com/ja/documentation/wp-ultimate-csv-importer/jet-engine-data-import,Poor,1
https://www.smackcoders.com/ja/documentation/wp-ultimate-csv-importer/learnpress-data-import,LCP,1
https://www.smackcoders.com/ja/documentation/wp-ultimate-csv-importer/learnpress-data-import,Poor,1
https://www.smackcoders.com/ja/documentation/wp-ultimate-csv-importer/let-clients-export-wordpress-data,LCP,1
https://www.smackcoders.com/ja/documentation/wp-ultimate-csv-importer/let-clients-export-wordpress-data,Poor,1
https://www.smackcoders.com/blog/ecommerce-video-marketing.html,Poor,1
https://www.smackcoders.com/blog/essential-steps-to-launch-a-wordpress-site-the-right-way.html,LCP,1
https://www.smackcoders.com/ja/documentation/wp-ultimate-csv-importer/metabox-import-export,LCP,1
https://www.smackcoders.com/ja/documentation/wp-ultimate-csv-importer/metabox-import-export,Poor,1
https://www.smackcoders.com/ja/documentation/wp-ultimate-csv-importer/migrate-wordpress-and-woocommerce-data,LCP,1
https://www.smackcoders.com/ja/documentation/wp-ultimate-csv-importer/migrate-wordpress-and-woocommerce-data,Poor,1
https://www.smackcoders.com/ja/documentation/wp-ultimate-csv-importer/polylang-multilingual-content-import-export,LCP,1
https://www.smackcoders.com/ja/documentation/wp-ultimate-csv-importer/polylang-multilingual-content-import-export,Poor,1
https://www.smackcoders.com/ja/documentation/wp-ultimate-csv-importer/post-page-custompost-import,LCP,1
https://www.smackcoders.com/ja/documentation/wp-ultimate-csv-importer/post-page-custompost-import,Poor,1
https://www.smackcoders.com/ja/documentation/wp-ultimate-csv-importer/rankmath-data-import-and-export,LCP,1
https://www.smackcoders.com/ja/documentation/wp-ultimate-csv-importer/rankmath-data-import-and-export,Poor,1
https://www.smackcoders.com/ja/documentation/wp-ultimate-csv-importer/seo-import,LCP,1
https://www.smackcoders.com/ja/documentation/wp-ultimate-csv-importer/seo-import,Poor,1
https://www.smackcoders.com/ja/documentation/wp-ultimate-csv-importer/seopress-import-export,LCP,1
https://www.smackcoders.com/ja/documentation/wp-ultimate-csv-importer/seopress-import-export,Poor,1
https://www.smackcoders.com/ja/documentation/wp-ultimate-csv-importer/toolset-types-import,LCP,1
https://www.smackcoders.com/ja/documentation/wp-ultimate-csv-importer/toolset-types-import,Poor,1
https://www.smackcoders.com/ja/documentation/wp-ultimate-csv-importer/troubleshooting-guide,LCP,1
https://www.smackcoders.com/ja/documentation/wp-ultimate-csv-importer/troubleshooting-guide,Poor,1
https://www.smackcoders.com/ja/documentation/wp-ultimate-csv-importer/what-is-elementor-import-export,LCP,1
https://www.smackcoders.com/ja/documentation/wp-ultimate-csv-importer/what-is-elementor-import-export,Poor,1
https://www.smackcoders.com/ja/documentation/wp-ultimate-csv-importer/woocommerces,LCP,1
https://www.smackcoders.com/ja/documentation/wp-ultimate-csv-importer/woocommerces,Poor,1
https://www.smackcoders.com/ja/documentation/wp-ultimate-csv-importer/wordpress-export-import-single-page,Indexing,1
https://www.smackcoders.com/ja/documentation/wp-ultimate-csv-importer/wordpress-export-import-single-page,LCP,1
https://www.smackcoders.com/ja/documentation/wp-ultimate-csv-importer/wordpress-export-import-single-page,Poor,1
https://www.smackcoders.com/ja/documentation/wp-ultimate-csv-importer/wordpress-export-import-single-page,issue,1
https://www.smackcoders.com/ja/documentation/wp-ultimate-csv-importer/wordpress-export-import-single-page,|,1
https://www.smackcoders.com/ja/documentation/wp-ultimate-csv-importer/wpml-multilingual-import,LCP,1
https://www.smackcoders.com/ja/documentation/wp-ultimate-csv-importer/wpml-multilingual-import,Poor,1
https://www.smackcoders.com/blog/essential-steps-to-launch-a-wordpress-site-the-right-way.html,Poor,1
https://www.smackcoders.com/blog/how-to-add-a-free-wordpress-contact-form.html,LCP,1
https://www.smackcoders.com/ja/easy-inventory-and-stock-manager-for-woocommerce.html,LCP,1
https://www.smackcoders.com/ja/easy-inventory-and-stock-manager-for-woocommerce.html,Poor,1
https://www.smackcoders.com/ja/partnership.html,LCP,1
https://www.smackcoders.com/ja/partnership.html,Poor,1
https://www.smackcoders.com/ja/privacy-policy.html,LCP,1
https://www.smackcoders.com/ja/privacy-policy.html,Poor,1
https://www.smackcoders.com/ja/refund-policy.html,LCP,1
https://www.smackcoders.com/ja/refund-policy.html,Poor,1
https://www.smackcoders.com/ja/support.html,LCP,1
https://www.smackcoders.com/ja/support.html,Poor,1
https://www.smackcoders.com/ja/terms-and-conditions.html,Indexing,1
https://www.smackcoders.com/ja/terms-and-conditions.html,LCP,1
https://www.smackcoders.com/ja/terms-and-conditions.html,Poor,1
https://www.smackcoders.com/ja/terms-and-conditions.html,issue,1
https://www.smackcoders.com/ja/terms-and-conditions.html,|,1
https://www.smackcoders.com/ja/wordpress.html,LCP,1
https://www.smackcoders.com/ja/wordpress.html,Poor,1
https://www.smackcoders.com/ja/wp-all-import-alternative.html,LCP,1
https://www.smackcoders.com/ja/wp-all-import-alternative.html,Poor,1
https://www.smackcoders.com/ja/wp-follow-up-emails.html,LCP,1
https://www.smackcoders.com/ja/wp-follow-up-emails.html,Poor,1
https://www.smackcoders.com/ja/wp-leads-builder-any-crm-pro.html,LCP,1
https://www.smackcoders.com/ja/wp-leads-builder-any-crm-pro.html,Poor,1
https://www.smackcoders.com/ja/wp-ultimate-csv-importer-pro.html,LCP,1
https://www.smackcoders.com/ja/wp-ultimate-csv-importer-pro.html,Poor,1
https://www.smackcoders.com/ja/wp-ultimate-csv-importer-pro/features.html,LCP,1
https://www.smackcoders.com/ja/wp-ultimate-csv-importer-pro/features.html,Poor,1
https://www.smackcoders.com/ja/wp-ultimate-csv-importer-pro/import-meta-box-fields.html,LCP,1
https://www.smackcoders.com/ja/wp-ultimate-csv-importer-pro/import-meta-box-fields.html,Poor,1
https://www.smackcoders.com/ja/wp-ultimate-csv-importer-pro/import-wpml-multilingual-content.html,LCP,1
https://www.smackcoders.com/ja/wp-ultimate-csv-importer-pro/import-wpml-multilingual-content.html,Poor,1
https://www.smackcoders.com/ja/wp-ultimate-csv-importer-pro/jetengine-cct-import.html,LCP,1
https://www.smackcoders.com/ja/wp-ultimate-csv-importer-pro/jetengine-cct-import.html,Poor,1
https://www.smackcoders.com/ja/wp-ultimate-csv-importer-pro/polylang-import-translation.html,LCP,1
https://www.smackcoders.com/ja/wp-ultimate-csv-importer-pro/polylang-import-translation.html,Poor,1
https://www.smackcoders.com/ja/wp-ultimate-csv-importer-pro/pricing.html,Indexing,1
https://www.smackcoders.com/ja/wp-ultimate-csv-importer-pro/pricing.html,LCP,1
https://www.smackcoders.com/ja/wp-ultimate-csv-importer-pro/pricing.html,Poor,1
https://www.smackcoders.com/ja/wp-ultimate-csv-importer-pro/pricing.html,issue,1
https://www.smackcoders.com/ja/wp-ultimate-csv-importer-pro/pricing.html,|,1
https://www.smackcoders.com/ja/wp-ultimate-csv-importer-pro/seo-meta-data-import.html,LCP,1
https://www.smackcoders.com/ja/wp-ultimate-csv-importer-pro/seo-meta-data-import.html,Poor,1
https://www.smackcoders.com/ja/wp-ultimate-csv-importer-pro/toolset-types-import.html,LCP,1
https://www.smackcoders.com/ja/wp-ultimate-csv-importer-pro/toolset-types-import.html,Poor,1
https://www.smackcoders.com/ja/wp-ultimate-csv-importer-pro/woocommerce-import-products.html,LCP,1
https://www.smackcoders.com/ja/wp-ultimate-csv-importer-pro/woocommerce-import-products.html,Poor,1
https://www.smackcoders.com/ja/wp-ultimate-exporter.html,LCP,1
https://www.smackcoders.com/ja/wp-ultimate-exporter.html,Poor,1
https://www.smackcoders.com/manage-large-wordpress-sites-without-slowing-down.html,LCP,1
https://www.smackcoders.com/manage-large-wordpress-sites-without-slowing-down.html,Poor,1
https://www.smackcoders.com/partnership.html,LCP,1
https://www.smackcoders.com/partnership.html,Poor,1
https://www.smackcoders.com/privacy-policy.html,LCP,1
https://www.smackcoders.com/privacy-policy.html,Poor,1
https://www.smackcoders.com/refund-policy.html,LCP,1
https://www.smackcoders.com/refund-policy.html,Poor,1
https://www.smackcoders.com/support.html,LCP,1
https://www.smackcoders.com/support.html,Poor,1
https://www.smackcoders.com/terms-and-conditions.html,LCP,1
https://www.smackcoders.com/terms-and-conditions.html,Poor,1
https://www.smackcoders.com/woocommerce-to-shopify-sync-pro.html,LCP,1
https://www.smackcoders.com/woocommerce-to-shopify-sync-pro.html,Poor,1
https://www.smackcoders.com/wordpress.html,LCP,1
https://www.smackcoders.com/wordpress.html,Poor,1
https://www.smackcoders.com/aio-wp-media-library-manager.html,LCP,1
https://www.smackcoders.com/wp-all-import-alternative.html,Poor,1
https://www.smackcoders.com/wp-follow-up-emails.html,LCP,1
https://www.smackcoders.com/wp-follow-up-emails.html,Poor,1
https://www.smackcoders.com/wp-leads-builder-any-crm-pro.html,LCP,1
https://www.smackcoders.com/wp-leads-builder-any-crm-pro.html,Poor,1
https://www.smackcoders.com/wp-ultimate-csv-importer-pro.html,LCP,1
https://www.smackcoders.com/wp-ultimate-csv-importer-pro.html,Poor,1
https://www.smackcoders.com/wp-ultimate-csv-importer-pro/changelog.html,LCP,1
https://www.smackcoders.com/wp-ultimate-csv-importer-pro/changelog.html,Poor,1
https://www.smackcoders.com/wp-ultimate-csv-importer-pro/features.html,LCP,1
https://www.smackcoders.com/wp-ultimate-csv-importer-pro/features.html,Poor,1
https://www.smackcoders.com/wp-ultimate-csv-importer-pro/import-acf-custom-fields-from-csv.html,LCP,1
https://www.smackcoders.com/wp-ultimate-csv-importer-pro/import-acf-custom-fields-from-csv.html,Poor,1
https://www.smackcoders.com/wp-ultimate-csv-importer-pro/import-meta-box-fields.html,LCP,1
https://www.smackcoders.com/blog.html,Poor,1
https://www.smackcoders.com/blog.html,LCP,1
https://www.smackcoders.com/wp-ultimate-csv-importer-pro/import-wpml-multilingual-content.html,Poor,1
https://www.smackcoders.com/wp-ultimate-csv-importer-pro/jetengine-cct-import.html,LCP,1
https://www.smackcoders.com/wp-ultimate-csv-importer-pro/jetengine-cct-import.html,Poor,1
https://www.smackcoders.com/wp-ultimate-csv-importer-pro/polylang-import-translation.html,LCP,1
https://www.smackcoders.com/wp-ultimate-csv-importer-pro/polylang-import-translation.html,Poor,1
https://www.smackcoders.com/wp-ultimate-csv-importer-pro/pricing.html,LCP,1
https://www.smackcoders.com/wp-ultimate-csv-importer-pro/pricing.html,Poor,1
https://www.smackcoders.com/wp-ultimate-csv-importer-pro/seo-meta-data-import.html,LCP,1
https://www.smackcoders.com/wp-ultimate-csv-importer-pro/seo-meta-data-import.html,Poor,1
https://www.smackcoders.com/wp-ultimate-csv-importer-pro/toolset-types-import.html,LCP,1
https://www.smackcoders.com/wp-ultimate-csv-importer-pro/toolset-types-import.html,Poor,1
https://www.smackcoders.com/wp-ultimate-csv-importer-pro/woocommerce-import-products.html,LCP,1
https://www.smackcoders.com/wp-ultimate-csv-importer-pro/woocommerce-import-products.html,Poor,1
https://www.smackcoders.com/wp-ultimate-exporter.html,LCP,1
https://www.smackcoders.com/blog/best-multipurpose-wordpress-themes.html,Poor,1
