page,total_clicks,total_impressions,avg_ctr,avg_position,lcp,inp,cls
https://www.smackcoders.com/,33.0,490.0,0.0673469387755102,8.66530612244898,8930.078262124196,,0.0
https://www.smackcoders.com/about-us.html,0.0,132.0,0.0,2.757575757575758,5085.026087511547,,0.0017111267233902
https://www.smackcoders.com/aio-wp-media-library-manager.html,0.0,23.0,0.0,21.82608695652174,10221.416561813552,,0.0
https://www.smackcoders.com/blog.html,1.0,42.0,0.0238095238095238,38.523809523809526,9273.4119808912,,0.0
https://www.smackcoders.com/blog/a-guide-to-wordpress-caching.html,0.0,260.0,0.0,30.85384615384616,9282.859341165127,,0.0
https://www.smackcoders.com/blog/add-external-urls-to-featured-images-wordpress.html,65.0,38330.0,0.00037058152793614,5.716706565615693,9556.971311020572,,0.0
https://www.smackcoders.com/blog/advanced-techniques-for-wordpress-import-and-export.html,0.0,524.0,0.0,30.68702290076336,9866.780778125598,,0.0160619494150044
https://www.smackcoders.com/blog/ai-generated-wordpress-content-import.html,2.0,199.0,0.0100502512562814,8.226130653266331,,,
https://www.smackcoders.com/blog/ai-in-wordpress.html,0.0,1032.0,0.0,12.609803921568627,9554.030371520965,,0.0
https://www.smackcoders.com/blog/ai-powered-personalization-for-ecommerce.html,0.0,18.0,0.0,29.38888888888889,9373.486159814202,,0.0
https://www.smackcoders.com/blog/ai-wordpress-security.html,0.0,7.0,0.0,20.142857142857142,9427.250638384296,,0.0
https://www.smackcoders.com/blog/avoid-common-woocommerce-store-mistakes.html,0.0,3.0,0.0,22.33333333333333,7913.265186718172,,0.0
https://www.smackcoders.com/blog/best-multipurpose-wordpress-themes.html,1.0,185.0,0.0054054054054054,28.427027027027027,9449.80413692387,,0.0
https://www.smackcoders.com/blog/best-practices-for-wordpress-sites.html,0.0,135.0,0.0,9.962962962962964,7714.255868411801,,0.0
https://www.smackcoders.com/blog/best-woocommerce-affiliate-plugins.html,0.0,3368.0,0.0,15.74669867947179,8856.214449877989,,0.0
https://www.smackcoders.com/blog/best-woocommerce-plugins.html,2.0,221.0,0.0090497737556561,37.963800904977376,9158.30732148353,,0.0
https://www.smackcoders.com/blog/best-wordpress-speed-optimization-plugins.html,0.0,3048.0,0.0,19.821475625823453,9203.596968518377,,0.0067575316734011
https://www.smackcoders.com/blog/build-dynamic-wordpress-sites-with-custom-post-types.html,0.0,572.0,0.0,15.811188811188812,10165.527217808954,,0.0
https://www.smackcoders.com/blog/create-a-form-in-wordpress-without-plugins.html,0.0,257.0,0.0,17.957198443579767,10203.248953499677,,0.0132864580730095
https://www.smackcoders.com/blog/create-a-multilingual-website-with-wpml.html,4.0,524.0,0.0021551724137931,11.591810344827586,9127.703558822364,,0.0117687381547683
https://www.smackcoders.com/blog/create-an-online-store-with-wordpress.html,0.0,92.0,0.0,46.33695652173913,9303.045966547035,,0.0
https://www.smackcoders.com/blog/create-and-import-custom-post-types-in-wordpress.html,12.0,2544.0,0.0009661835748792166,10.72044241037376,9694.009760712512,,0.0
https://www.smackcoders.com/blog/create-custom-fields-with-acf-in-wordpress.html,0.0,0.0,0.0,0.0,7183.019643910302,,0.0356595718416343
https://www.smackcoders.com/blog/create-custom-taxonomies-with-acf.html,3.0,1664.0,0.0018028846153846,10.576322115384617,9470.443836801698,,0.0
https://www.smackcoders.com/blog/ecommerce-video-marketing.html,0.0,2.0,0.0,21.0,9727.00173200296,,0.0
https://www.smackcoders.com/blog/enable-configure-wp-cron.html,30.0,6270.0,0.00118460019743336,8.779503237585772,9588.802501819617,,0.0
https://www.smackcoders.com/blog/essential-steps-to-launch-a-wordpress-site-the-right-way.html,0.0,182.0,0.0,29.07692307692308,9806.357150265656,,0.0
https://www.smackcoders.com/blog/export-import-advanced-custom-fields-csv-wordpress.html,36.0,13044.0,0.0006557377049180166,8.948205113645734,3535.011083344085,,0.015492855489036998
https://www.smackcoders.com/blog/export-import-single-wordpress-post-page-product.html,30.0,4720.0,0.00164383561643834,10.96236615957523,9937.323161779232,,0.0
https://www.smackcoders.com/blog/export-woocommerce-orders-to-google-sheets.html,0.0,149.0,0.0,55.77852348993289,,,
https://www.smackcoders.com/blog/how-to-add-a-free-wordpress-contact-form.html,0.0,16.0,0.0,58.5625,9076.915336154334,,0.0
https://www.smackcoders.com/blog/how-to-export-wordpress-users.html,14.0,4291.0,0.0005411255411255285,10.40471202078345,9377.26497018364,,0.0
https://www.smackcoders.com/blog/how-to-import-csv-file-in-wordpress-without-plugin.html,35.0,6622.0,0.0009087604507451713,9.48629516588419,9607.756834144804,,0.0
https://www.smackcoders.com/blog/how-to-import-csv-file-in-wordpress.html,0.0,588.0,0.0,11.584192439862543,9225.206330692074,,0.0
https://www.smackcoders.com/blog/how-to-import-page-to-wordpress.html,12.0,4344.0,0.000904704463208675,8.297221117526597,9148.850026657328,,0.0
https://www.smackcoders.com/blog/how-to-install-ioncube-loaders-simple-steps-for-various-hosting-types.html,1.0,1030.0,0.0009708737864077,13.464077669902911,9610.478082710904,,0.0
https://www.smackcoders.com/blog/how-to-install-wamp-and-xampp.html,8.0,1341.0,0.005965697240865,8.534675615212528,9638.391395956158,,0.0
https://www.smackcoders.com/blog/how-to-prepare-woocommerce-for-high-traffic.html,2.0,64.0,0.03125,12.0625,9026.09254145736,,0.0356258586070669
https://www.smackcoders.com/blog/how-to-restore-wordpress-site-from-backup.html,15.0,4850.0,0.00062959076600208,14.011766351871284,9303.315688325449,,0.011700315258519601
https://www.smackcoders.com/blog/import-and-export-woocommerce-customers.html,0.0,300.0,0.0,43.96666666666667,9448.75037913657,,0.0
https://www.smackcoders.com/blog/import-export-custom-post-types-plugin-data.html,0.0,492.0,0.0,10.283333333333333,9362.714667969682,,0.0
https://www.smackcoders.com/blog/import-export-elementor-as-csv.html,3.0,465.0,0.0022371364653243665,10.92841163310962,9282.732407195754,,0.0
https://www.smackcoders.com/blog/import-export-gravity-forms-entries.html,6.0,3048.0,0.00036873156342181665,12.660799971906167,9592.549850247267,,0.0038966004578348
https://www.smackcoders.com/blog/import-export-listings-business-directory-plugins.html,1.0,221.0,0.004524886877828,12.705882352941176,8926.867493107493,,0.0
https://www.smackcoders.com/blog/import-export-woocommerce-product-reviews.html,0.0,130.0,0.0,32.13076923076923,8573.237928509552,,0.0
https://www.smackcoders.com/blog/import-posts-or-products-from-excel-to-wordpress.html,0.0,75.0,0.0,18.933333333333334,9144.198147238529,,0.0
https://www.smackcoders.com/blog/import-variable-products-into-woocommerce.html,0.0,1035.0,0.0,16.34402332361516,9493.180235779084,,0.0
https://www.smackcoders.com/blog/import-woocommerce-products-with-custom-fields.html,0.0,94.0,0.0,25.20212765957447,9531.474081325943,,0.0
https://www.smackcoders.com/blog/import-yith-order-tracking-data-and-export-with-csv-importer.html,1.0,37.0,0.027027027027027,9.405405405405403,8906.161403282578,,0.0086274776020206
https://www.smackcoders.com/blog/improve-core-web-vitals-in-wordpress.html,2.0,273.0,0.0073260073260073,30.57875457875458,9028.246760401817,,0.0
https://www.smackcoders.com/blog/introducing-wp-ultimate-csv-importer-8-11.html,0.0,0.0,0.0,0.0,7976.04996674705,,0.0
https://www.smackcoders.com/blog/mastering-wpml-language-localization.html,4.0,2224.0,0.0004595588235294,10.12484681372549,9179.58809235979,,0.0101836077250078
https://www.smackcoders.com/blog/migrate-shopify-to-woocommerce.html,0.0,349.0,0.0,45.92550143266476,9632.365381207172,,0.0
https://www.smackcoders.com/blog/monthly-wordpress-maintenance-checklist.html,0.0,4.0,0.0,15.25,9486.70789728566,,0.0
https://www.smackcoders.com/blog/onc-click-import-and-migrate-wordpress.html,0.0,11.0,0.0,14.0,7976.193646764014,,0.0435453833674237
https://www.smackcoders.com/blog/optimize-wordpress-database-for-large-sites.html,3.0,491.0,0.0061099796334012,19.78004073319756,4651.009965136763,,0.0201587082051749
https://www.smackcoders.com/blog/polylang-import-products-woocommerce.html,0.0,900.0,0.0,8.783908045977011,10140.204917182928,,0.0
https://www.smackcoders.com/blog/polylang-import-translation-guide.html,24.0,1746.0,0.0025445292620865003,8.717003734179308,9271.002427129975,,0.0101836077250078
https://www.smackcoders.com/blog/polylang-plugin-for-wordpress.html,0.0,116.0,0.0,23.82758620689655,9351.622169171931,,0.0
https://www.smackcoders.com/blog/ppom-for-woocommerce-import-export-custom-fields.html,0.0,369.0,0.0,7.241192411924119,9453.36806807256,,0.0
https://www.smackcoders.com/blog/reduce-page-load-time-on-high-content-sites.html,0.0,16.0,0.0,22.625,8016.470354497964,,0.0
https://www.smackcoders.com/blog/scale-wordpress-for-high-traffic.html,0.0,473.0,0.0,34.63424947145877,9476.797986274005,,0.0
https://www.smackcoders.com/blog/scaling-woocommerce-manage-products-orders.html,0.0,178.0,0.0,13.662921348314606,8292.824293984446,,0.0349107567536087
https://www.smackcoders.com/blog/security-fix-for-wp-ultimate-csv-importer.html,0.0,3.0,0.0,5.333333333333333,8266.869354813469,,0.0
https://www.smackcoders.com/blog/speed-up-your-wordpress-website.html,0.0,3760.0,0.0,11.960313174946004,7246.846045018921,,0.0070529364220141
https://www.smackcoders.com/blog/ultimate-csv-importer-8-6-wp-rentals-serialized.html,1.0,14.0,0.0714285714285714,15.714285714285714,9670.94695909903,,0.0
https://www.smackcoders.com/blog/ultimate-csv-importer-pro-v8-2.html,0.0,22.0,0.0,19.454545454545453,,,
https://www.smackcoders.com/blog/update-outdated-wordpress-plugins-data.html,0.0,18.0,0.0,13.166666666666666,5194.064344589429,,0.0137426582515642
https://www.smackcoders.com/blog/voice-search-optimization.html,0.0,17.0,0.0,42.1764705882353,9025.472499838495,,0.0117211685586188
https://www.smackcoders.com/blog/woocommerce-inventory-management.html,0.0,117.0,0.0,42.256410256410255,9606.225020112654,,0.0
https://www.smackcoders.com/blog/woocommerce-maintenance-tasks.html,0.0,9.0,0.0,6.0,9425.478619516089,,0.0
https://www.smackcoders.com/blog/woocommerce-variable-pricing-calculator.html,0.0,25.0,0.0,29.76,9341.44111124296,,0.0074490500746994
https://www.smackcoders.com/blog/woocommerce-vs-magento-pros-and-cons.html,0.0,20.0,0.0,58.9,9434.664529359034,,0.0117003152585196
https://www.smackcoders.com/blog/wordpress-admin-productivity-hacks.html,0.0,5.0,0.0,19.6,9491.448190889718,,0.0
https://www.smackcoders.com/blog/wordpress-backup-restore-strategy.html,0.0,14.0,0.0,25.071428571428573,4802.046908552149,,0.0056683914287713
https://www.smackcoders.com/blog/wordpress-database-optimization.html,0.0,32.0,0.0,16.40625,9601.194558569128,,0.0
https://www.smackcoders.com/blog/wordpress-popup-builders.html,0.0,85.0,0.0,33.28235294117647,7973.847996208119,,0.0021400131751628
https://www.smackcoders.com/blog/wordpress-security-best-practices.html,0.0,127.0,0.0,35.86614173228347,4426.027023114202,,0.0
https://www.smackcoders.com/blog/wordpress-security-checklist.html,0.0,157.0,0.0,32.42675159235669,9015.652487016898,,0.0
https://www.smackcoders.com/blog/wordpress-seo-guide.html,0.0,662.0,0.0,69.37160120845921,9131.04329736958,,0.0
https://www.smackcoders.com/blog/wordpress-seo-plugins.html,0.0,4403.0,0.0,76.81262775380422,9533.288442369962,,0.0
https://www.smackcoders.com/blog/wordpress-ultimate-csv-importer-csv-sample-files-and-updates.html,105.0,6525.0,0.00391425908667288,9.412916812916814,9142.211766275635,,0.0
https://www.smackcoders.com/blog/wordpress-user-role-management-master-guide.html,0.0,0.0,0.0,0.0,9481.4471551506,,0.0
https://www.smackcoders.com/blog/wp-query-ultimate-csv-importer-pro.html,0.0,13.0,0.0,12.692307692307692,5234.034858398014,,0.0154005233813035
https://www.smackcoders.com/blog/wp-ultimate-csv-importer-8-12-edd.html,0.0,39.0,0.0,10.82051282051282,9225.859506585955,,0.0
https://www.smackcoders.com/blog/wp-ultimate-csv-importer-8-7-update.html,0.0,7.0,0.0,4.0,9039.770355399503,,0.0
https://www.smackcoders.com/blog/wp-ultimate-csv-importer-8-8-ai-preview-validation.html,0.0,5.0,0.0,6.0,10075.94749346111,,0.0
https://www.smackcoders.com/blog/wp-ultimate-csv-importer-pro-price-update.html,0.0,14.0,0.0,8.357142857142858,4576.051466083161,,0.0046635532517238
https://www.smackcoders.com/contact-us.html,6.0,131.0,0.0458015267175572,2.5572519083969465,14713.590043108426,,0.0
https://www.smackcoders.com/crocoblock-deals.html,0.0,18.0,0.0,11.444444444444445,5271.03813359269,,6.837698310899578e-05
https://www.smackcoders.com/deals.html,1.0,82.0,0.0121951219512195,2.914634146341464,10292.433047728977,,0.0
https://www.smackcoders.com/documentation.html,0.0,46.0,0.0,3.282608695652174,4504.234469066976,,0.0069942043337646
https://www.smackcoders.com/documentation/easy-inventory/easy-inventory-and-stock-manager,0.0,9.0,0.0,11.666666666666666,10371.0132180161,,0.0
https://www.smackcoders.com/documentation/follow-up-email/follow-up-emails-plugin,0.0,47.0,0.0,7.127659574468085,5251.009972555554,,0.0055547642469484
https://www.smackcoders.com/documentation/user-role-management/getting-started,0.0,0.0,0.0,0.0,,,
https://www.smackcoders.com/documentation/woocommerce-to-shopify-integration/w2s-getting-started,3.0,71.0,0.0422535211267605,23.47887323943662,11166.141186268263,,0.0
https://www.smackcoders.com/documentation/woocommerce-to-shopify-integration/w2s-pro-features,0.0,11.0,0.0,31.818181818181817,10408.82985168328,,0.0
https://www.smackcoders.com/documentation/woocommerce-to-shopify-integration/w2s-sync-configuration,0.0,9.0,0.0,9.22222222222222,10767.15981731032,,0.0
https://www.smackcoders.com/documentation/woocommerce-to-shopify-integration/woocommerce-shopify-product-sync,0.0,41.0,0.0,31.146341463414632,5252.049043647352,,0.0007091577816215
https://www.smackcoders.com/documentation/woocommerce-to-shopify-integration/woocommerce-to-shopify-customer-sync,0.0,9.0,0.0,24.55555555555556,10277.366310209782,,0.0
https://www.smackcoders.com/documentation/woocommerce-to-shopify-integration/woocommerce-to-shopify-field-mapping,0.0,6.0,0.0,24.0,10548.781560726948,,0.0
https://www.smackcoders.com/documentation/woocommerce-to-shopify-integration/woocommerce-to-shopify-integration-authentication-setup,0.0,48.0,0.0,15.979166666666666,10169.94182135353,,0.0
https://www.smackcoders.com/documentation/woocommerce-to-shopify-integration/woocommerce-to-shopify-integration-plugin,0.0,137.0,0.0,47.99270072992701,10396.59668710587,,0.0
https://www.smackcoders.com/documentation/woocommerce-to-shopify-integration/woocommerce-to-shopify-order-sync,0.0,17.0,0.0,35.35294117647059,10633.331939681508,,0.0
https://www.smackcoders.com/documentation/woocommerce-to-shopify-integration/woocommerce-to-shopify-sync-faq,0.0,3.0,0.0,8.0,10455.74552934328,,0.0
https://www.smackcoders.com/documentation/wordpress-leads-builder-for-any-crm-pro/e-commerce-integration,0.0,2.0,0.0,23.0,10561.669025342731,,0.0
https://www.smackcoders.com/documentation/wordpress-leads-builder-for-any-crm-pro/faq-leads-builder,0.0,1.0,0.0,7.0,10341.540802274954,,0.0
https://www.smackcoders.com/documentation/wordpress-leads-builder-for-any-crm-pro/lead-builder-for-any-crm,0.0,68.0,0.0,19.44117647058824,10656.457147484258,,0.0
https://www.smackcoders.com/documentation/wp-ultimate-csv-importer-pro/acf-import,30.0,3190.0,0.00233463035019454,8.617197223389688,10440.441968605855,,0.0
https://www.smackcoders.com/documentation/wp-ultimate-csv-importer-pro/advanced-import-filters,0.0,12.0,0.0,15.083333333333334,10474.846643782616,,0.0
https://www.smackcoders.com/documentation/wp-ultimate-csv-importer-pro/ai-integration,0.0,1.0,0.0,11.0,5177.01865639073,,0.0120600874293503
https://www.smackcoders.com/documentation/wp-ultimate-csv-importer-pro/bbpress-import-and-update,0.0,43.0,0.0,42.30232558139535,10385.049599095904,,0.0
https://www.smackcoders.com/documentation/wp-ultimate-csv-importer-pro/chatgpt-integration,0.0,17.0,0.0,17.941176470588236,9051.912819659832,,0.0
https://www.smackcoders.com/documentation/wp-ultimate-csv-importer-pro/custom-field-suite-import,1.0,71.0,0.0140845070422535,9.23943661971831,10264.346364343535,,0.0
https://www.smackcoders.com/documentation/wp-ultimate-csv-importer-pro/export-wordpress-data-using-wp-query,1.0,92.0,0.0108695652173913,16.597826086956523,10134.10585918092,,0.0
https://www.smackcoders.com/documentation/wp-ultimate-csv-importer-pro/how-to-import-csv,4.0,724.0,0.00140449438202245,6.615168539325842,10126.798025771015,,0.0
https://www.smackcoders.com/documentation/wp-ultimate-csv-importer-pro/how-to-import-schedule-or-update,4.0,872.0,0.00157232704402515,8.030617495711835,5327.123437283868,,0.0007091577816215
https://www.smackcoders.com/documentation/wp-ultimate-csv-importer-pro/how-to-import-variable-products-in-woocommerce,0.0,582.0,0.0,15.564021164021161,10246.556448360803,,0.0
https://www.smackcoders.com/documentation/wp-ultimate-csv-importer-pro/how-to-import-woocommerce-orders,0.0,352.0,0.0,43.50568181818182,4727.021774554592,,0.0
https://www.smackcoders.com/documentation/wp-ultimate-csv-importer-pro/import-and-export-listings-and-owners-in-wp-rentals,2.0,62.0,0.032258064516129,15.274193548387096,9229.485654743858,,0.0
https://www.smackcoders.com/documentation/wp-ultimate-csv-importer-pro/import-and-export-lms-data,1.0,133.0,0.0075187969924812,10.586466165413531,10044.287877109462,,0.0
https://www.smackcoders.com/documentation/wp-ultimate-csv-importer-pro/import-and-export-nextgen-gallery-images,20.0,1044.0,0.00651041666666665,8.45210597826087,10459.328836641462,,0.0
https://www.smackcoders.com/documentation/wp-ultimate-csv-importer-pro/import-and-export-woocommerce-reviews,0.0,844.0,0.0,11.629268292682926,5402.022713506689,,0.0106515146903341
https://www.smackcoders.com/documentation/wp-ultimate-csv-importer-pro/import-and-export-wordpress-users,0.0,79.0,0.0,34.037974683544306,10474.359892753651,,0.0
https://www.smackcoders.com/documentation/wp-ultimate-csv-importer-pro/import-business-directory-listings-in-wordpress,0.0,66.0,0.0,12.212121212121213,10198.780713218424,,0.0
https://www.smackcoders.com/documentation/wp-ultimate-csv-importer-pro/import-data-from-excel-to-wordpress,1.0,136.0,0.0073529411764705,27.419117647058822,10330.278145606066,,0.0
https://www.smackcoders.com/documentation/wp-ultimate-csv-importer-pro/import-events-into-wordpress,1.0,91.0,0.0109890109890109,12.648351648351648,9959.822221748927,,0.0
https://www.smackcoders.com/documentation/wp-ultimate-csv-importer-pro/import-export-acpt-fields-in-wordpress,0.0,76.0,0.0,8.605263157894736,10485.845924392745,,0.0
https://www.smackcoders.com/documentation/wp-ultimate-csv-importer-pro/import-export-edd-customers,0.0,6.0,0.0,27.166666666666668,4726.026569697215,,0.0200169794942834
https://www.smackcoders.com/documentation/wp-ultimate-csv-importer-pro/import-export-edd-discounts,0.0,11.0,0.0,14.636363636363637,10381.7773715708,,0.0
https://www.smackcoders.com/documentation/wp-ultimate-csv-importer-pro/import-export-edd-downloads,0.0,37.0,0.0,14.567567567567568,10009.07705640386,,0.0
https://www.smackcoders.com/documentation/wp-ultimate-csv-importer-pro/import-export-edd-orders,0.0,8.0,0.0,14.0,10305.468093273785,,0.0
https://www.smackcoders.com/documentation/wp-ultimate-csv-importer-pro/import-export-jetbookings-data,0.0,54.0,0.0,11.01851851851852,9924.416108470468,,0.0
https://www.smackcoders.com/documentation/wp-ultimate-csv-importer-pro/import-export-user-members,3.0,586.0,0.0051194539249146,33.781569965870304,10393.00187097422,,0.0
https://www.smackcoders.com/documentation/wp-ultimate-csv-importer-pro/import-export-users-with-multiple-user-roles,1.0,41.0,0.024390243902439,14.24390243902439,10605.980513726725,,0.0
https://www.smackcoders.com/documentation/wp-ultimate-csv-importer-pro/import-images-into-wordpress,3.0,720.0,0.0015873015873015667,8.874603174603173,10143.03247819169,,0.0
https://www.smackcoders.com/documentation/wp-ultimate-csv-importer-pro/import-jetreview-data-into-wordpress,0.0,45.0,0.0,11.488888888888887,10352.97053442803,,0.0
https://www.smackcoders.com/documentation/wp-ultimate-csv-importer-pro/import-serialized-fields-data,0.0,115.0,0.0,8.504347826086956,7746.226483834368,,0.0329635854280105
https://www.smackcoders.com/documentation/wp-ultimate-csv-importer-pro/import-woocommerce-customers,0.0,261.0,0.0,33.60153256704981,10517.595474730122,,0.0
https://www.smackcoders.com/documentation/wp-ultimate-csv-importer-pro/import-wordpress-categories-and-tags,5.0,1785.0,0.0007142857142857001,9.85522607022607,10583.933656927333,,0.0
https://www.smackcoders.com/documentation/wp-ultimate-csv-importer-pro/importer-faq,2.0,176.0,0.0113636363636363,12.965909090909092,10209.864344410777,,0.0
https://www.smackcoders.com/documentation/wp-ultimate-csv-importer-pro/iteration-based-import,0.0,14.0,0.0,6.428571428571429,10703.104012108352,,0.0
https://www.smackcoders.com/documentation/wp-ultimate-csv-importer-pro/jet-engine-data-import,6.0,822.0,0.0024875621890547,11.334991708126035,10187.867269389237,,0.0
https://www.smackcoders.com/documentation/wp-ultimate-csv-importer-pro/learnpress-data-import,5.0,109.0,0.0458715596330275,11.89908256880734,10220.954307968374,,0.0
https://www.smackcoders.com/documentation/wp-ultimate-csv-importer-pro/let-clients-export-wordpress-data,0.0,9.0,0.0,7.111111111111111,10239.965422026517,,0.0
https://www.smackcoders.com/documentation/wp-ultimate-csv-importer-pro/meta-box-custom-field-cloneable,0.0,153.0,0.0,9.72108843537415,5327.02500689314,,0.0007949315892964
https://www.smackcoders.com/documentation/wp-ultimate-csv-importer-pro/metabox-import-export,0.0,151.0,0.0,12.23841059602649,10253.336277758555,,0.0
https://www.smackcoders.com/documentation/wp-ultimate-csv-importer-pro/migrate-wordpress-and-woocommerce-data,0.0,16.0,0.0,61.3125,10766.24314556602,,0.0
https://www.smackcoders.com/documentation/wp-ultimate-csv-importer-pro/polylang-multilingual-content-import-export,6.0,249.0,0.008230452674897101,10.777777777777777,10539.25317264679,,0.0
https://www.smackcoders.com/documentation/wp-ultimate-csv-importer-pro/post-page-custompost-import,2.0,363.0,0.0055096418732782,8.994490358126722,11233.719373378744,,0.0
https://www.smackcoders.com/documentation/wp-ultimate-csv-importer-pro/rankmath-data-import-and-export,0.0,1938.0,0.0,9.400425985090521,11018.052821669664,,0.0
https://www.smackcoders.com/documentation/wp-ultimate-csv-importer-pro/seo-import,0.0,42.0,0.0,26.45238095238096,10598.04252555433,,0.0
https://www.smackcoders.com/documentation/wp-ultimate-csv-importer-pro/seopress-import-export,0.0,44.0,0.0,31.88636363636364,10615.727059120618,,0.0
https://www.smackcoders.com/documentation/wp-ultimate-csv-importer-pro/slim-seo-metadata-import-export,0.0,66.0,0.0,16.81818181818182,10601.332358031796,,0.0
https://www.smackcoders.com/documentation/wp-ultimate-csv-importer-pro/the-events-calendar-import-export,0.0,4.0,0.0,11.5,10608.315220381628,,0.0
https://www.smackcoders.com/documentation/wp-ultimate-csv-importer-pro/toolset-types-import,0.0,53.0,0.0,22.88679245283019,10468.983925147477,,0.0
https://www.smackcoders.com/documentation/wp-ultimate-csv-importer-pro/troubleshooting-guide,4.0,285.0,0.0140350877192982,9.280701754385966,10049.870706630192,,0.0
https://www.smackcoders.com/documentation/wp-ultimate-csv-importer-pro/what-is-elementor-import-export,1.0,88.0,0.0113636363636363,12.477272727272728,9660.82550247706,,0.0
https://www.smackcoders.com/documentation/wp-ultimate-csv-importer-pro/woocommerces,4.0,1188.0,0.00086805555555555,15.472222222222221,5177.0314846127085,,0.032253703786548
https://www.smackcoders.com/documentation/wp-ultimate-csv-importer-pro/wordpress-export-import-single-page,2.0,90.0,0.0222222222222222,33.644444444444446,10263.385010132995,,0.0
https://www.smackcoders.com/documentation/wp-ultimate-csv-importer-pro/wpml-multilingual-import,0.0,90.0,0.0,18.23333333333333,10415.22954554217,,0.0
https://www.smackcoders.com/documentation/wp-ultimate-exporter/wordpress-exporter-guide,3.0,75.0,0.015873015873015865,10.365079365079366,9844.839131585404,,0.0
https://www.smackcoders.com/easy-inventory-and-stock-manager-for-woocommerce.html,1.0,79.0,0.0126582278481012,48.12658227848101,5402.004956460907,,0.0017852300268722
https://www.smackcoders.com/es,0.0,0.0,0.0,0.0,7199.086816579825,,0.0520803251641474
https://www.smackcoders.com/es/administrador-de-bibliotecas-de-medios-aio-wp.html,0.0,3.0,0.0,12.333333333333334,10704.52411648372,,0.0
https://www.smackcoders.com/es/administrador-facil-de-inventario-y-stock-para-woocommerce.html,0.0,4.0,0.0,14.25,10449.808931777929,,0.0
https://www.smackcoders.com/es/alternativa-de-importacion-de-wp-all.html,0.0,7.0,0.0,4.571428571428571,10454.536478058772,,0.0
https://www.smackcoders.com/es/asociacion.html,0.0,4.0,0.0,60.0,10244.233745013384,,0.0420709561243896
https://www.smackcoders.com/es/atencion-al-cliente-smackcoders.html,0.0,0.0,0.0,0.0,14462.476225088452,,0.0
https://www.smackcoders.com/es/blog.html,0.0,0.0,0.0,0.0,9435.561344376363,,0.0
https://www.smackcoders.com/es/blog/acelera-tu-sitio-web-de-wordpress.html,0.0,21.0,0.0,78.28571428571429,9423.025353214687,,0.0
https://www.smackcoders.com/es/blog/como-anadir-urls-externas-a-las-imagenes-destacadas-en-wordpress.html,5.0,1135.0,0.0009302325581395199,6.86077519379845,9733.150136306253,,0.0
https://www.smackcoders.com/es/blog/como-crear-e-importar-tipos-de-publicaciones-personalizadas-en-wordpress.html,0.0,34.0,0.0,9.0,9615.87075669445,,0.0
https://www.smackcoders.com/es/blog/como-exportar-e-importar-campos-personalizados-avanzados.html,12.0,294.0,0.0075757575757575656,2.7196969696969697,3728.0056935216726,,0.0088538520011506
https://www.smackcoders.com/es/blog/como-exportar-usuarios-de-wordpress-una-guia-paso-a-paso.html,0.0,255.0,0.0,5.2384615384615385,9436.10719142183,,0.0
https://www.smackcoders.com/es/blog/como-habilitar-y-configurar-wp-cron.html,0.0,730.0,0.0,5.698707482993197,9521.14746770698,,0.0
https://www.smackcoders.com/es/blog/como-importar-archivos-csv-a-wordpress-de-manera-eficiente.html,0.0,642.0,0.0,3.9968253968253964,9020.431038636272,,0.0
https://www.smackcoders.com/es/blog/como-importar-archivos-csv-en-wordpress-sin-un-plugin.html,0.0,0.0,0.0,0.0,9473.935355435038,,0.0
https://www.smackcoders.com/es/blog/como-instalar-cargadores-ioncube-para-varios-tipos-de-alojamiento.html,3.0,111.0,0.027027027027027,6.1891891891891895,9469.167700219088,,0.0
https://www.smackcoders.com/es/blog/como-instalar-wamp-y-xampp.html,10.0,3225.0,0.00065040650406504,4.475911730545877,8064.524064419724,,0.0301285695481739
https://www.smackcoders.com/es/blog/correccion-de-seguridad-para-el-wp-ultimate-csv-importer.html,0.0,0.0,0.0,0.0,9472.425001676324,,0.0
https://www.smackcoders.com/es/blog/creacion-de-taxonomias-personalizadas-con-el-complemento-acf-una-guia-paso-a-paso.html,3.0,91.0,0.0329670329670329,5.8901098901098905,8937.040792894271,,0.0
https://www.smackcoders.com/es/blog/cree-campos-personalizados-con-acf-en-wordpress.html,0.0,0.0,0.0,0.0,9475.259389503915,,0.0
https://www.smackcoders.com/es/blog/ejemplos-de-archivos-csv-y-xml-para-la-importacion-de-prueba-wp-ultimate-csv-xml-importer.html,3.0,528.0,0.0019157088122605333,7.379310344827585,9743.012954013804,,0.0
https://www.smackcoders.com/es/blog/exportar-importar-una-sola-publicacion.html,0.0,240.0,0.0,9.78095238095238,9448.75803008868,,0.0
https://www.smackcoders.com/es/blog/exportar-pedidos-de-woocommerce-a-hojas-de-calculo-de-google.html,0.0,40.0,0.0,32.575,9472.63920637948,,0.0
https://www.smackcoders.com/es/blog/funciones-avanzadas-de-polylang-para-sitios-web-multilingues.html,1.0,25.0,0.04,6.76,9475.886445605163,,0.0
https://www.smackcoders.com/es/blog/ia-en-wordpress.html,0.0,63.0,0.0,23.22222222222222,9411.697963463854,,0.0004068163974808
https://www.smackcoders.com/es/blog/importar-exportar-resenas-productos-woocommerce.html,0.0,58.0,0.0,41.43103448275862,9469.73058285868,,0.0
https://www.smackcoders.com/es/blog/importar-paginas-a-wordpress-una-guia-util.html,0.0,700.0,0.0,7.438709677419355,9391.938369631836,,0.0
https://www.smackcoders.com/es/blog/importar-productos-de-woocommerce-con-campos-personalizados.html,4.0,316.0,0.003289473684210525,8.407894736842106,9119.637045147738,,0.0
https://www.smackcoders.com/es/blog/importar-productos-variables-a-woocommerce-usando-ultimate-csv-importer.html,0.0,35.0,0.0,7.6,7561.604973693096,,0.0411359782608119
https://www.smackcoders.com/es/blog/importar-y-exportar-clientes-de-woocommerce.html,0.0,138.0,0.0,14.166666666666666,9325.225080771332,,0.0
https://www.smackcoders.com/es/blog/migrar-shopify-a-woocommerce.html,0.0,76.0,0.0,42.78947368421053,8073.819083531743,,0.0425818306215059
https://www.smackcoders.com/es/blog/personalizacion-impulsada-por-ia.html,1.0,23.0,0.0434782608695652,23.47826086956522,9137.455508621071,,0.0
https://www.smackcoders.com/es/blog/plugins-de-afiliados-de-woocommerce.html,0.0,7.0,0.0,18.0,9078.275327172689,,0.0
https://www.smackcoders.com/es/blog/plugins-seo-de-wordpress.html,0.0,0.0,0.0,0.0,9372.806321643428,,0.0
https://www.smackcoders.com/es/blog/tecnicas-avanzadas-para-importar-y-exportar-wordpress.html,8.0,472.0,0.005813953488372075,8.181782945736433,9554.01699165006,,0.0
https://www.smackcoders.com/es/blog/tienda-woocommerce-para-usuarios-moviles.html,0.0,3.0,0.0,5.333333333333333,9446.13764623339,,0.0
https://www.smackcoders.com/es/blog/video-marketing-de-comercio-electronico.html,0.0,39.0,0.0,47.74358974358975,9541.21197518133,,0.0
https://www.smackcoders.com/es/contactenos.html,0.0,0.0,0.0,0.0,14425.544916024252,,0.0
https://www.smackcoders.com/es/correos-electronicos-de-seguimiento-de-wp.html,0.0,0.0,0.0,0.0,10832.763948079992,,0.0
https://www.smackcoders.com/es/creador-de-leads-de-wordpress-para-cualquier-crm.html,0.0,17.0,0.0,25.41176470588235,10384.996031750088,,0.0399267327703118
https://www.smackcoders.com/es/documentation/creador-de-prospectos-de-wordpress-para-cualquier-profesional-de-crm/lead-builder-para-cualquier-crm-integracion-de-comercio-electronico,0.0,0.0,0.0,0.0,10097.65212202517,,0.0
https://www.smackcoders.com/es/documentation/creador-de-prospectos-de-wordpress-para-cualquier-profesional-de-crm/preguntas-frecuentes-sobre-el-lead-builder-y-videos,0.0,0.0,0.0,0.0,10267.556432680542,,0.0
https://www.smackcoders.com/es/documentation/creador-de-prospectos-de-wordpress-para-cualquier-profesional-de-crm/wp-lead-builder-para-cualquier-crm,0.0,0.0,0.0,0.0,10529.130532082036,,0.0
https://www.smackcoders.com/es/documentation/wp-exportador-definitivo/introduccion-exportador-definitivo,0.0,51.0,0.0,6.627450980392157,10752.089642462532,,0.0
https://www.smackcoders.com/es/documentation/wp-ultimate-csv-importer-pro/campo-personalizado-de-meta-box-clonable,0.0,0.0,0.0,0.0,10539.849309306,,0.0
https://www.smackcoders.com/es/documentation/wp-ultimate-csv-importer-pro/como-importar-productos-variables-en-woocommerce,0.0,76.0,0.0,9.486842105263158,10551.669982353458,,0.0
https://www.smackcoders.com/es/documentation/wp-ultimate-csv-importer-pro/exportacion-de-wordpress-importar-una-sola-pagina,0.0,24.0,0.0,33.416666666666664,5252.016764952817,,0.091254678027089
https://www.smackcoders.com/es/documentation/wp-ultimate-csv-importer-pro/exportar-datos-de-wordpress-mediante-wp-query,0.0,7.0,0.0,18.142857142857142,,,
https://www.smackcoders.com/es/documentation/wp-ultimate-csv-importer-pro/filtros-de-importacion,0.0,1.0,0.0,40.0,,,
https://www.smackcoders.com/es/documentation/wp-ultimate-csv-importer-pro/guia-de-solucion-de-problemas,0.0,30.0,0.0,6.5,,,
https://www.smackcoders.com/es/documentation/wp-ultimate-csv-importer-pro/importacion-basada-en-iteraciones,0.0,0.0,0.0,0.0,,,
https://www.smackcoders.com/es/documentation/wp-ultimate-csv-importer-pro/importacion-de-csv-de-woocommerce,1.0,68.0,0.0147058823529411,8.176470588235293,,,
https://www.smackcoders.com/es/documentation/wp-ultimate-csv-importer-pro/importacion-de-custom-field-suite,0.0,0.0,0.0,0.0,,,
https://www.smackcoders.com/es/documentation/wp-ultimate-csv-importer-pro/importacion-de-datos-de-learnpress,0.0,8.0,0.0,6.875,,,
https://www.smackcoders.com/es/documentation/wp-ultimate-csv-importer-pro/importacion-de-datos-de-motores-a-reaccion,0.0,13.0,0.0,5.153846153846154,,,
https://www.smackcoders.com/es/documentation/wp-ultimate-csv-importer-pro/importacion-de-publicaciones-paginas-y-publicaciones-personalizadas,0.0,0.0,0.0,0.0,,,
https://www.smackcoders.com/es/documentation/wp-ultimate-csv-importer-pro/importacion-de-tipos-de-conjuntos-de-herramientas,0.0,4.0,0.0,37.25,,,
https://www.smackcoders.com/es/documentation/wp-ultimate-csv-importer-pro/importacion-multilingue-de-wp,0.0,6.0,0.0,7.5,,,
https://www.smackcoders.com/es/documentation/wp-ultimate-csv-importer-pro/importacion-seo-por-wp-ultimate-csv-importer,0.0,1.0,0.0,9.0,,,
https://www.smackcoders.com/es/documentation/wp-ultimate-csv-importer-pro/importacion-y-actualizacion-avanzada-de-campos-personalizados,0.0,68.0,0.0,3.696428571428571,,,
https://www.smackcoders.com/es/documentation/wp-ultimate-csv-importer-pro/importacion-y-actualizacion-de-bbpress,0.0,0.0,0.0,0.0,,,
https://www.smackcoders.com/es/documentation/wp-ultimate-csv-importer-pro/importacion-y-exportacion-de-datos-de-rankmath,0.0,7.0,0.0,18.0,,,
https://www.smackcoders.com/es/documentation/wp-ultimate-csv-importer-pro/importador-de-polylang-y-csv-importar-exportar-contenido-multilingue,0.0,1.0,0.0,12.0,,,
https://www.smackcoders.com/es/documentation/wp-ultimate-csv-importer-pro/importar-categorias-y-etiquetas-de-wordpress,3.0,33.0,0.0909090909090909,3.636363636363636,,,
https://www.smackcoders.com/es/documentation/wp-ultimate-csv-importer-pro/importar-clientes-de-woocommerce,0.0,48.0,0.0,41.625,,,
https://www.smackcoders.com/es/documentation/wp-ultimate-csv-importer-pro/importar-datos-de-campos-serializados,0.0,1.0,0.0,1.0,,,
https://www.smackcoders.com/es/documentation/wp-ultimate-csv-importer-pro/importar-datos-de-excel-a-wordpress,0.0,57.0,0.0,6.526315789473684,,,
https://www.smackcoders.com/es/documentation/wp-ultimate-csv-importer-pro/importar-datos-de-jetreview-a-wordpress,0.0,1.0,0.0,11.0,,,
https://www.smackcoders.com/es/documentation/wp-ultimate-csv-importer-pro/importar-eventos-a-wordpress,0.0,1.0,0.0,5.0,,,
https://www.smackcoders.com/es/documentation/wp-ultimate-csv-importer-pro/importar-exportar-datos-de-jetbookings,0.0,1.0,0.0,8.0,10623.97740674953,,0.0
https://www.smackcoders.com/es/documentation/wp-ultimate-csv-importer-pro/importar-exportar-miembros-de-usuario,3.0,19.0,0.1578947368421052,7.842105263157895,,,
https://www.smackcoders.com/es/documentation/wp-ultimate-csv-importer-pro/importar-imagenes-en-wordpress,1.0,25.0,0.04,6.44,,,
https://www.smackcoders.com/es/documentation/wp-ultimate-csv-importer-pro/importar-listados-de-directorios-comerciales-en-wordpress,0.0,0.0,0.0,0.0,9572.117039369092,,0.0
https://www.smackcoders.com/es/documentation/wp-ultimate-csv-importer-pro/importar-pedidos-de-woocommerce,1.0,11.0,0.0909090909090909,7.090909090909091,,,
https://www.smackcoders.com/es/documentation/wp-ultimate-csv-importer-pro/importar-usuarios-de-exportacion-con-varios-roles-de-usuario,0.0,0.0,0.0,0.0,5251.032725327181,,0.0910256324910803
https://www.smackcoders.com/es/documentation/wp-ultimate-csv-importer-pro/importar-y-exportar-campos-acpt-en-wordpress,0.0,7.0,0.0,4.428571428571429,5252.00110962827,,0.173948520590487
https://www.smackcoders.com/es/documentation/wp-ultimate-csv-importer-pro/importar-y-exportar-datos-lms-en-wordpress,0.0,32.0,0.0,3.8125,10462.893768537728,,0.0
https://www.smackcoders.com/es/documentation/wp-ultimate-csv-importer-pro/importar-y-exportar-imagenes-de-la-galeria-nextgen,0.0,4.0,0.0,5.5,5177.038782216719,,0.0009210695417595
https://www.smackcoders.com/es/documentation/wp-ultimate-csv-importer-pro/importar-y-exportar-listados-y-propietarios-en-wp-rentals,0.0,2.0,0.0,9.0,9010.43423547231,,0.0
https://www.smackcoders.com/es/documentation/wp-ultimate-csv-importer-pro/importar-y-exportar-resenas-de-woocommerce,0.0,31.0,0.0,73.45161290322581,10257.105296403332,,0.0
https://www.smackcoders.com/es/documentation/wp-ultimate-csv-importer-pro/importar-y-exportar-usuarios-de-wordpress,2.0,43.0,0.0465116279069767,7.302325581395348,10415.474948928786,,0.0
https://www.smackcoders.com/es/documentation/wp-ultimate-csv-importer-pro/integracion-de-ia,0.0,1.0,0.0,2.0,10441.418806290483,,0.0
https://www.smackcoders.com/es/documentation/wp-ultimate-csv-importer-pro/introduccion-al-plugin-de-wordpress-ultimate-csv-xml-importer,0.0,49.0,0.0,4.551020408163265,5252.015162390049,,0.0180799735617718
https://www.smackcoders.com/es/documentation/wp-ultimate-csv-importer-pro/los-clientes-exportan-datos-de-wordpress,0.0,0.0,0.0,0.0,,,
https://www.smackcoders.com/es/documentation/wp-ultimate-csv-importer-pro/meta-box-campos-personalizados-importacion-de-datos-exportacion,0.0,12.0,0.0,6.75,,,
https://www.smackcoders.com/es/documentation/wp-ultimate-csv-importer-pro/migrar-datos-de-wordpress-y-woocommerce,0.0,2.0,0.0,8.0,,,
https://www.smackcoders.com/es/documentation/wp-ultimate-csv-importer-pro/modulos-de-importacion-csv-definitivos-de-wordpress,0.0,4.0,0.0,8.5,,,
https://www.smackcoders.com/es/documentation/wp-ultimate-csv-importer-pro/preguntas-frecuentes-relacionadas-con-wp-ultimate-csv-importer,0.0,1.0,0.0,1.0,,,
https://www.smackcoders.com/es/documentation/wp-ultimate-csv-importer-pro/que-es-elementor-import-export,0.0,70.0,0.0,4.471428571428572,,,
https://www.smackcoders.com/es/documentation/wp-ultimate-csv-importer-pro/seopress-importacion-y-exportacion,0.0,0.0,0.0,0.0,,,
https://www.smackcoders.com/es/plugins-inteligentes-para-wordpress.html,0.0,2.0,0.0,5.5,,,
https://www.smackcoders.com/es/politica-de-privacidad.html,0.0,0.0,0.0,0.0,,,
https://www.smackcoders.com/es/politica-de-reembolso.html,0.0,0.0,0.0,0.0,,,
https://www.smackcoders.com/es/sobre-nosotros.html,0.0,8.0,0.0,65.75,,,
https://www.smackcoders.com/es/terminos-y-condiciones.html,0.0,0.0,0.0,0.0,9604.686283194991,,0.0
https://www.smackcoders.com/es/wp-exportador-definitivo.html,0.0,0.0,0.0,0.0,4651.073671797335,,0.2139763194914943
https://www.smackcoders.com/es/wp-ultimate-csv-importer-pro.html,2.0,43.0,0.0465116279069767,11.023255813953488,9351.096356593534,,0.0
https://www.smackcoders.com/es/wp-ultimate-csv-importer-pro/caracteristicas.html,0.0,5.0,0.0,10.8,9755.11937584872,,0.0
https://www.smackcoders.com/es/wp-ultimate-csv-importer-pro/importacion-de-metadatos-seo.html,0.0,5.0,0.0,12.8,5851.048685564211,,0.0047755210654895
https://www.smackcoders.com/es/wp-ultimate-csv-importer-pro/importacion-de-toolset-types.html,0.0,0.0,0.0,0.0,5326.021192751488,,0.0155856340740579
https://www.smackcoders.com/es/wp-ultimate-csv-importer-pro/importacion-exportacion-jetengine-con-ultimate-csv-importer.html,0.0,1.0,0.0,9.0,11051.060573166831,,0.0
https://www.smackcoders.com/es/wp-ultimate-csv-importer-pro/importar-campos-meta-box.html,0.0,0.0,0.0,0.0,11413.0048682431,,0.0
https://www.smackcoders.com/es/wp-ultimate-csv-importer-pro/importar-campos-personalizados-acf-desde-csv.html,0.0,5.0,0.0,7.4,5326.036223755616,,0.0168755379765755
https://www.smackcoders.com/es/wp-ultimate-csv-importer-pro/importar-contenido-multilingue-de-wpml.html,0.0,2.0,0.0,49.0,5401.027852365351,,0.073359557652548
https://www.smackcoders.com/es/wp-ultimate-csv-importer-pro/importar-productos-de-woocommerce.html,0.0,21.0,0.0,27.19047619047619,10600.499372440469,,0.0
https://www.smackcoders.com/es/wp-ultimate-csv-importer-pro/precios.html,0.0,0.0,0.0,0.0,10201.45151689219,,0.0
https://www.smackcoders.com/es/wp-ultimate-csv-importer-pro/traduccion-de-importacion-de-polylang.html,0.0,0.0,0.0,0.0,5176.032350935824,,0.0182296217293378
https://www.smackcoders.com/how-to-create-wordpress-post.html,0.0,2.0,0.0,16.0,9269.560749436709,,0.0098646329062354
https://www.smackcoders.com/ja,1.0,16.0,0.0625,8.625,9837.656858572294,,0.0
https://www.smackcoders.com/ja/about-us.html,0.0,2.0,0.0,19.0,,,
https://www.smackcoders.com/ja/aio-wp-media-library-manager.html,0.0,3.0,0.0,21.0,11706.36745120012,,0.0
https://www.smackcoders.com/ja/blog.html,0.0,0.0,0.0,0.0,9190.821154539515,,0.0
https://www.smackcoders.com/ja/blog/add-external-urls-to-featured-images-wordpress.html,161.0,6608.0,0.005054945054945043,6.039433339016303,8792.779036928237,,0.0
https://www.smackcoders.com/ja/blog/add-images-to-wordpress.html,0.0,0.0,0.0,0.0,,,
https://www.smackcoders.com/ja/blog/advanced-techniques-for-wordpress-import-and-export.html,0.0,455.0,0.0,9.945528455284553,8135.80527327452,,0.0
https://www.smackcoders.com/ja/blog/ai-in-wordpress.html,1.0,44.0,0.0227272727272727,23.431818181818183,9369.187372720782,,0.0
https://www.smackcoders.com/ja/blog/ai-powered-personalization-for-ecommerce.html,0.0,27.0,0.0,61.11111111111112,9422.276676870666,,0.0
https://www.smackcoders.com/ja/blog/blog-create-and-import-custom-post-types-in-wordpress.html,3.0,83.0,0.036144578313253,6.506024096385542,9146.927476844492,,0.0
https://www.smackcoders.com/ja/blog/create-a-multilingual-website-with-wpml.html,0.0,596.0,0.0,4.741258741258741,,,
https://www.smackcoders.com/ja/blog/create-custom-fields-with-acf-in-wordpress.html,3.0,300.0,0.0034722222222222,5.534722222222222,8357.678217871164,,0.0
https://www.smackcoders.com/ja/blog/create-custom-taxonomies-with-acf.html,0.0,108.0,0.0,5.601851851851852,9422.3207339007,,0.0
https://www.smackcoders.com/ja/blog/enable-configure-wp-cron.html,40.0,1375.0,0.007239819004524881,5.7804927099044745,9622.69250652631,,0.0
https://www.smackcoders.com/ja/blog/export-import-advanced-custom-fields-csv-wordpress.html,52.0,728.0,0.027083333333333324,4.5168103448275865,9133.419823397977,,0.0
https://www.smackcoders.com/ja/blog/export-import-single-wordpress-post-page-product.html,0.0,45.0,0.0,14.0,9506.578494840158,,0.0
https://www.smackcoders.com/ja/blog/export-woocommerce-orders-to-google-sheets.html,3.0,4.0,0.75,4.25,8062.795939220146,,0.0024622325411349
https://www.smackcoders.com/ja/blog/how-to-export-wordpress-users.html,14.0,798.0,0.0059523809523809425,4.9437656641604,9424.198056257484,,0.0
https://www.smackcoders.com/ja/blog/how-to-import-csv-file-in-wordpress-without-plugin.html,5.0,140.0,0.011111111111111098,6.722222222222221,,,
https://www.smackcoders.com/ja/blog/how-to-import-csv-file-in-wordpress.html,30.0,2166.0,0.00555555555555555,8.59530544724093,6237.033371236743,,0.0
https://www.smackcoders.com/ja/blog/how-to-import-page-to-wordpress.html,40.0,1275.0,0.00680851063829786,6.631489361702128,8516.961772281102,,0.0026981080038156803
https://www.smackcoders.com/ja/blog/how-to-install-wamp-and-xampp.html,0.0,109.0,0.0,6.311926605504588,,,
https://www.smackcoders.com/ja/blog/import-and-export-woocommerce-customers.html,3.0,48.0,0.023809523809523798,10.69047619047619,3601.0175040867903,,0.0017960252698466998
https://www.smackcoders.com/ja/blog/import-export-custom-post-types-plugin-data.html,20.0,440.0,0.020161290322580624,4.826900921658986,8124.854979679733,,0.0
https://www.smackcoders.com/ja/blog/import-variable-products-into-woocommerce.html,0.0,0.0,0.0,0.0,8949.603623018716,,0.0
https://www.smackcoders.com/ja/blog/import-woocommerce-products-with-custom-fields.html,4.0,76.0,0.025,5.425,9171.585174616488,,0.0
https://www.smackcoders.com/ja/blog/pre-orders-and-backorders-in-woocommerce.html,0.0,29.0,0.0,5.517241379310345,9285.12672321993,,0.0
https://www.smackcoders.com/ja/blog/social-media-marketing-for-small-businesses.html,0.0,10.0,0.0,13.3,9603.706461437328,,0.0
https://www.smackcoders.com/ja/blog/wordpress-seo-guide.html,0.0,169.0,0.0,58.41420118343196,7123.093519728052,,0.0013737648680094
https://www.smackcoders.com/ja/blog/wordpress-ultimate-csv-importer-csv-sample-files-and-updates.html,0.0,63.0,0.0,3.031746031746032,9346.249221736874,,0.0
https://www.smackcoders.com/ja/contact-us.html,0.0,1.0,0.0,4.0,9961.234471820546,,0.0047384173135333
https://www.smackcoders.com/ja/documentation/wordpress-leads-builder-for-any-crm-pro/e-commerce-integration,0.0,2.0,0.0,46.0,9434.733418553202,,0.0
https://www.smackcoders.com/ja/documentation/wordpress-leads-builder-for-any-crm-pro/faq-leads-builder,0.0,0.0,0.0,0.0,5251.042271971987,,0.0071057092087026
https://www.smackcoders.com/ja/documentation/wordpress-leads-builder-for-any-crm-pro/lead-builder-for-any-crm,0.0,3.0,0.0,6.333333333333333,5251.022636241636,,0.0023655927730521
https://www.smackcoders.com/ja/documentation/wp-ultimate-csv-importer/acf-import,63.0,973.0,0.013254786450662729,3.8813657855980157,10427.309460951488,,0.0
https://www.smackcoders.com/ja/documentation/wp-ultimate-csv-importer/advanced-import-filters,0.0,2.0,0.0,1.5,5326.022082624426,,6.837698310899578e-05
https://www.smackcoders.com/ja/documentation/wp-ultimate-csv-importer/ai-integration,0.0,2.0,0.0,8.5,10481.752027581544,,0.0
https://www.smackcoders.com/ja/documentation/wp-ultimate-csv-importer/bbpress-import-and-update,0.0,15.0,0.0,29.466666666666665,10339.03959331436,,0.0
https://www.smackcoders.com/ja/documentation/wp-ultimate-csv-importer/chatgpt-integration,0.0,0.0,0.0,0.0,10179.50901234402,,0.0
https://www.smackcoders.com/ja/documentation/wp-ultimate-csv-importer/custom-field-suite-import,2.0,20.0,0.1,5.4,10772.679383320215,,0.0
https://www.smackcoders.com/ja/documentation/wp-ultimate-csv-importer/export-wordpress-data-using-wp-query,0.0,0.0,0.0,0.0,10285.720007029371,,0.0
https://www.smackcoders.com/ja/documentation/wp-ultimate-csv-importer/how-to-import-csv,10.0,540.0,0.00588235294117646,4.527777777777778,10095.579995377577,,0.0
https://www.smackcoders.com/ja/documentation/wp-ultimate-csv-importer/how-to-import-schedule-or-update,0.0,14.0,0.0,8.928571428571429,5177.023805574169,,0.0007109208461844
https://www.smackcoders.com/ja/documentation/wp-ultimate-csv-importer/how-to-import-variable-products-in-woocommerce,2.0,13.0,0.1538461538461538,9.153846153846152,5327.033116144144,,0.0
https://www.smackcoders.com/ja/documentation/wp-ultimate-csv-importer/how-to-import-woocommerce-orders,0.0,5.0,0.0,11.4,10326.618566363011,,0.0
https://www.smackcoders.com/ja/documentation/wp-ultimate-csv-importer/import-and-export-listings-and-owners-in-wp-rentals,0.0,0.0,0.0,0.0,5477.020682507724,,0.0
https://www.smackcoders.com/ja/documentation/wp-ultimate-csv-importer/import-and-export-lms-data,0.0,6.0,0.0,12.5,5176.053924288051,,0.0015039872421781
https://www.smackcoders.com/ja/documentation/wp-ultimate-csv-importer/import-and-export-nextgen-gallery-images,1.0,35.0,0.0285714285714285,7.628571428571429,10358.512955568302,,0.0
https://www.smackcoders.com/ja/documentation/wp-ultimate-csv-importer/import-and-export-woocommerce-reviews,1.0,5.0,0.2,19.4,10435.486932640246,,0.0
https://www.smackcoders.com/ja/documentation/wp-ultimate-csv-importer/import-and-export-wordpress-users,0.0,46.0,0.0,10.456521739130435,9198.874435334612,,0.0
https://www.smackcoders.com/ja/documentation/wp-ultimate-csv-importer/import-business-directory-listings-in-wordpress,0.0,0.0,0.0,0.0,5101.033643016941,,0.0011329813018976
https://www.smackcoders.com/ja/documentation/wp-ultimate-csv-importer/import-data-from-excel-to-wordpress,2.0,32.0,0.0625,4.09375,5478.103485727577,,0.003681227406883
https://www.smackcoders.com/ja/documentation/wp-ultimate-csv-importer/import-events-into-wordpress,0.0,0.0,0.0,0.0,10140.95422757798,,0.0
https://www.smackcoders.com/ja/documentation/wp-ultimate-csv-importer/import-export-acpt-fields-in-wordpress,0.0,0.0,0.0,0.0,10411.834915800886,,0.0
https://www.smackcoders.com/ja/documentation/wp-ultimate-csv-importer/import-export-jetbookings-data,0.0,0.0,0.0,0.0,9916.875771761588,,0.0
https://www.smackcoders.com/ja/documentation/wp-ultimate-csv-importer/import-export-user-members,2.0,44.0,0.0454545454545454,8.40909090909091,6147.009841151198,,0.0
https://www.smackcoders.com/ja/documentation/wp-ultimate-csv-importer/import-export-users-with-multiple-user-roles,0.0,5.0,0.0,16.4,10466.80886057884,,0.0
https://www.smackcoders.com/ja/documentation/wp-ultimate-csv-importer/import-images-into-wordpress,18.0,213.0,0.04651162790697674,6.6378737541528245,9977.88875986845,,0.0
https://www.smackcoders.com/ja/documentation/wp-ultimate-csv-importer/import-jetreview-data-into-wordpress,0.0,1.0,0.0,3.0,5326.023169928181,,0.0189642964662151
https://www.smackcoders.com/ja/documentation/wp-ultimate-csv-importer/import-serialized-fields-data,1.0,9.0,0.1111111111111111,3.555555555555556,10399.177400702045,,0.0
https://www.smackcoders.com/ja/documentation/wp-ultimate-csv-importer/import-woocommerce-customers,0.0,2.0,0.0,23.0,5252.0214609831655,,0.0096995185056345
https://www.smackcoders.com/ja/documentation/wp-ultimate-csv-importer/import-wordpress-categories-and-tags,40.0,1000.0,0.006944444444444437,5.47420634920635,10286.000518481078,,0.0
https://www.smackcoders.com/ja/documentation/wp-ultimate-csv-importer/importer-faq,0.0,5.0,0.0,5.2,5026.01024380329,,0.0045074704136265
https://www.smackcoders.com/ja/documentation/wp-ultimate-csv-importer/iteration-based-import,0.0,0.0,0.0,0.0,9873.833918642084,,0.0
https://www.smackcoders.com/ja/documentation/wp-ultimate-csv-importer/jet-engine-data-import,0.0,12.0,0.0,4.833333333333334,5101.011032645246,,0.0007091577816215
https://www.smackcoders.com/ja/documentation/wp-ultimate-csv-importer/learnpress-data-import,0.0,0.0,0.0,0.0,4576.014976988006,,0.003943294456816
https://www.smackcoders.com/ja/documentation/wp-ultimate-csv-importer/let-clients-export-wordpress-data,0.0,1.0,0.0,37.0,5176.007397342584,,0.0057225336588375
https://www.smackcoders.com/ja/documentation/wp-ultimate-csv-importer/meta-box-custom-field-cloneable,5.0,150.0,0.00909090909090908,3.803030303030303,10206.185482055791,,0.0
https://www.smackcoders.com/ja/documentation/wp-ultimate-csv-importer/metabox-import-export,0.0,10.0,0.0,9.3,10140.833748294272,,0.0
https://www.smackcoders.com/ja/documentation/wp-ultimate-csv-importer/migrate-wordpress-and-woocommerce-data,1.0,6.0,0.1666666666666666,10.833333333333334,5626.023446348945,,0.018945031760748
https://www.smackcoders.com/ja/documentation/wp-ultimate-csv-importer/polylang-multilingual-content-import-export,0.0,30.0,0.0,13.7,5177.01674377426,,0.0199015735702402
https://www.smackcoders.com/ja/documentation/wp-ultimate-csv-importer/post-page-custompost-import,0.0,56.0,0.0,4.910714285714286,10314.656691687487,,0.0
https://www.smackcoders.com/ja/documentation/wp-ultimate-csv-importer/rankmath-data-import-and-export,0.0,37.0,0.0,15.83783783783784,5326.03103885442,,6.837698310899578e-05
https://www.smackcoders.com/ja/documentation/wp-ultimate-csv-importer/seo-import,0.0,14.0,0.0,4.142857142857142,10340.866864708983,,0.0
https://www.smackcoders.com/ja/documentation/wp-ultimate-csv-importer/seopress-import-export,0.0,3.0,0.0,9.666666666666666,5251.045733274369,,0.0007091577816215
https://www.smackcoders.com/ja/documentation/wp-ultimate-csv-importer/toolset-types-import,0.0,0.0,0.0,0.0,10237.20211080348,,0.0
https://www.smackcoders.com/ja/documentation/wp-ultimate-csv-importer/troubleshooting-guide,0.0,41.0,0.0,2.5853658536585367,10280.676015945864,,0.0
https://www.smackcoders.com/ja/documentation/wp-ultimate-csv-importer/what-is-elementor-import-export,0.0,10.0,0.0,6.4,9241.39529865249,,6.837698310899578e-05
https://www.smackcoders.com/ja/documentation/wp-ultimate-csv-importer/woocommerces,0.0,15.0,0.0,3.1333333333333333,5401.045697623298,,0.0
https://www.smackcoders.com/ja/documentation/wp-ultimate-csv-importer/wordpress-export-import-single-page,0.0,0.0,0.0,0.0,5177.016481297393,,0.0014845120081682
https://www.smackcoders.com/ja/documentation/wp-ultimate-csv-importer/wpml-multilingual-import,0.0,6.0,0.0,9.166666666666666,5176.025679545119,,0.0009210695417595
https://www.smackcoders.com/ja/documentation/wp-ultimate-exporter/wordpress-exporter-guide,5.0,540.0,0.00227272727272726,8.63,10143.362196232489,,0.0
https://www.smackcoders.com/ja/easy-inventory-and-stock-manager-for-woocommerce.html,1.0,12.0,0.0833333333333333,12.0,11423.89793857095,,0.0
https://www.smackcoders.com/ja/partnership.html,0.0,0.0,0.0,0.0,9481.894945719,,0.0022075216720411
https://www.smackcoders.com/ja/privacy-policy.html,0.0,0.0,0.0,0.0,4876.016335919288,,0.0031316817280159
https://www.smackcoders.com/ja/refund-policy.html,0.0,0.0,0.0,0.0,9505.71187608325,,0.0
https://www.smackcoders.com/ja/support.html,0.0,0.0,0.0,0.0,14781.991596429853,,0.0
https://www.smackcoders.com/ja/terms-and-conditions.html,0.0,0.0,0.0,0.0,5520.036207027562,,0.0012598668546542
https://www.smackcoders.com/ja/wordpress.html,0.0,2.0,0.0,5.5,5291.032834556001,,0.0005982190940838
https://www.smackcoders.com/ja/wp-all-import-alternative.html,6.0,59.0,0.1016949152542373,7.372881355932203,9725.21582146982,,0.0
https://www.smackcoders.com/ja/wp-follow-up-emails.html,0.0,5.0,0.0,9.2,10558.844321405884,,0.0
https://www.smackcoders.com/ja/wp-leads-builder-any-crm-pro.html,0.0,4.0,0.0,52.75,7687.021781054055,,0.0375123759875795
https://www.smackcoders.com/ja/wp-ultimate-csv-importer-pro.html,3.0,58.0,0.0517241379310344,6.155172413793103,9347.373791168697,,0.0
https://www.smackcoders.com/ja/wp-ultimate-csv-importer-pro/features.html,0.0,9.0,0.0,10.333333333333334,9000.006126315478,,0.0
https://www.smackcoders.com/ja/wp-ultimate-csv-importer-pro/import-acf-custom-fields-from-csv.html,1.0,12.0,0.0833333333333333,8.75,,,
https://www.smackcoders.com/ja/wp-ultimate-csv-importer-pro/import-meta-box-fields.html,0.0,0.0,0.0,0.0,11277.020260948528,,0.0
https://www.smackcoders.com/ja/wp-ultimate-csv-importer-pro/import-wpml-multilingual-content.html,0.0,16.0,0.0,28.5625,10713.80906871342,,0.0
https://www.smackcoders.com/ja/wp-ultimate-csv-importer-pro/jetengine-cct-import.html,0.0,8.0,0.0,23.125,10484.606884536566,,0.0
https://www.smackcoders.com/ja/wp-ultimate-csv-importer-pro/polylang-import-translation.html,0.0,0.0,0.0,0.0,5176.034522535992,,0.0181961163357148
https://www.smackcoders.com/ja/wp-ultimate-csv-importer-pro/pricing.html,0.0,0.0,0.0,0.0,4801.01516863775,,0.0025989076711326
https://www.smackcoders.com/ja/wp-ultimate-csv-importer-pro/seo-meta-data-import.html,0.0,0.0,0.0,0.0,11359.013870606996,,0.0
https://www.smackcoders.com/ja/wp-ultimate-csv-importer-pro/toolset-types-import.html,2.0,4.0,0.5,7.25,10899.918342058583,,0.0
https://www.smackcoders.com/ja/wp-ultimate-csv-importer-pro/woocommerce-import-products.html,0.0,0.0,0.0,0.0,5401.024025596967,,0.0255850769169883
https://www.smackcoders.com/ja/wp-ultimate-exporter.html,0.0,10.0,0.0,4.5,9865.08567140232,,0.0375326057648455
https://www.smackcoders.com/manage-large-wordpress-sites-without-slowing-down.html,0.0,103.0,0.0,12.805825242718448,9422.53374653869,,0.0
https://www.smackcoders.com/partnership.html,0.0,38.0,0.0,14.5,14643.523984662956,,0.0
https://www.smackcoders.com/privacy-policy.html,0.0,14.0,0.0,9.714285714285714,5459.032002576099,,0.0215438843921047
https://www.smackcoders.com/refund-policy.html,1.0,4.0,0.25,4.0,9125.505033975942,,0.0
https://www.smackcoders.com/support.html,0.0,103.0,0.0,4.116504854368932,14498.041437913347,,0.0
https://www.smackcoders.com/terms-and-conditions.html,0.0,2.0,0.0,5.5,9402.891849846175,,0.0
https://www.smackcoders.com/woocommerce-to-shopify-sync-pro.html,3.0,30.0,0.1,12.066666666666666,9195.036999108235,,0.0
https://www.smackcoders.com/wordpress.html,1.0,118.0,0.0084745762711864,4.9491525423728815,9536.39976358024,,0.0
https://www.smackcoders.com/wp-all-import-alternative.html,6.0,350.0,0.0171428571428571,25.12,4051.006869746559,,0.0741663209459509
https://www.smackcoders.com/wp-follow-up-emails.html,0.0,249.0,0.0,37.71084337349398,11430.803627091524,,0.0
https://www.smackcoders.com/wp-leads-builder-any-crm-pro.html,0.0,82.0,0.0,33.829268292682926,4276.024956035159,,0.0
https://www.smackcoders.com/wp-ultimate-csv-importer-pro.html,48.0,1325.0,0.0362264150943396,9.039245283018868,5326.012304921162,,0.0190772253203821
https://www.smackcoders.com/wp-ultimate-csv-importer-pro/changelog.html,4.0,126.0,0.0317460317460317,20.365079365079364,6892.743529707179,,0.0024966742268571
https://www.smackcoders.com/wp-ultimate-csv-importer-pro/features.html,2.0,100.0,0.02,13.94,9181.060889209091,,0.0
https://www.smackcoders.com/wp-ultimate-csv-importer-pro/import-acf-custom-fields-from-csv.html,0.0,134.0,0.0,22.59701492537313,10463.614416098591,,0.0
https://www.smackcoders.com/wp-ultimate-csv-importer-pro/import-meta-box-fields.html,0.0,34.0,0.0,21.23529411764705,10652.32218288206,,0.0
https://www.smackcoders.com/wp-ultimate-csv-importer-pro/import-wpml-multilingual-content.html,0.0,79.0,0.0,53.18987341772152,11332.623219085875,,0.0
https://www.smackcoders.com/wp-ultimate-csv-importer-pro/jetengine-cct-import.html,0.0,53.0,0.0,14.88679245283019,11499.863880196786,,0.0
https://www.smackcoders.com/wp-ultimate-csv-importer-pro/polylang-import-translation.html,0.0,23.0,0.0,23.217391304347824,11074.357920957247,,0.0
https://www.smackcoders.com/wp-ultimate-csv-importer-pro/pricing.html,1.0,97.0,0.0103092783505154,8.845360824742269,4276.020134813103,,0.0
https://www.smackcoders.com/wp-ultimate-csv-importer-pro/seo-meta-data-import.html,0.0,98.0,0.0,21.928571428571427,11154.75610165629,,0.0
https://www.smackcoders.com/wp-ultimate-csv-importer-pro/toolset-types-import.html,0.0,26.0,0.0,14.923076923076923,4801.0182122494925,,0.0220226687961237
https://www.smackcoders.com/wp-ultimate-csv-importer-pro/woocommerce-import-products.html,0.0,148.0,0.0,64.48648648648648,5402.01128091725,,0.0006171666629374
https://www.smackcoders.com/wp-ultimate-exporter.html,3.0,107.0,0.02803738317757,15.177570093457945,8472.203665419089,,0.0399267327703118
