page title and screen class,new users,sessions,engagement rate,average engagement time per session,views,bounce rate,events,purchases,clicks,impressions,ctr,position,errors
Smackcoders | WordPress Solutions for Growing Businesses,54,70,0.5142857142857142,70.28246228571429,78,0.4857142857142857,280,0.0,0,0,0,0,
WordPress CSV & XML Data Importer - WP Ultimate CSV Importer,45,75,0.5866666666666666,66.20496288,75,0.4133333333333333,295,0.0,0,0,0,0,
Sample CSV & XML Files - WP Ultimate CSV/XML Importer,10,20,0.65,335.65899155,22,0.35,71,0.0,0,0,0,0,
Smackcoders My Account Portal,8,34,0.7941176470588234,68.91669929411765,80,0.2058823529411764,163,0.0,0,0,0,0,
Page Not Found - Smackcoders Inc,6,6,0.0,0.0,6,1.0,18,0.0,0,0,0,0,
Cómo importar csv en WordPress: Una guía detallada,4,4,1.0,386.7044495,4,0.0,19,0.0,0,0,0,0,
How to Install Ioncube Loaders | Complete Guide,4,5,0.4,164.0316288,8,0.6,28,0.0,0,0,0,0,
Add External URLs as Featured Images in WordPress,3,7,0.5714285714285714,62.20961185714286,8,0.4285714285714285,30,0.0,0,0,0,0,
CSV Importer を使用した高度なカスタムフィールドのインポートの管理,3,4,1.0,108.68662675,4,0.0,17,0.0,0,0,0,0,
Checkout - Smackcoders,3,9,0.8888888888888888,59.25974222222223,12,0.1111111111111111,114,0.0,0,0,0,0,
How to Export and Import Advanced Custom Fields in WordPress,3,3,0.0,2.702989666666667,3,1.0,11,0.0,0,0,0,0,
How to Import CSV File in Wordpress? | Ultimate CSV Importer,3,8,0.625,28.673685,7,0.375,22,0.0,0,0,0,0,
How to Import CSV Files in WordPress Without a Plugin,3,3,0.0,0.0,3,1.0,9,0.0,0,0,0,0,
How to Import and Export NextGEN Gallery Images,3,3,0.6666666666666666,47.667431666666666,3,0.3333333333333333,15,0.0,0,0,0,0,
WP-クロンを強化してWebサイトの効率を向上,3,3,0.6666666666666666,527.961909,3,0.3333333333333333,14,0.0,0,0,0,0,
WooCommerce Inventory Manager - Easy Stock Management,3,4,0.5,14.530501,4,0.5,26,0.0,0,0,0,0,
WordPressで外部URLをアイキャッチ画像として追加する方法,3,3,1.0,497.29838566666666,3,0.0,17,0.0,0,0,0,0,
A Complete WordPress Security Checklist Guide,2,2,0.0,0.0,2,1.0,6,0.0,0,0,0,0,
ACFプラグインでカスタム分類法ーを解き放つ,2,2,1.0,27.287722,3,0.0,17,0.0,0,0,0,0,
Añadir URLs externas a imágenes destacadas en WordPress,2,2,0.0,0.0,2,1.0,6,0.0,0,0,0,0,
Blog de Smackcoders | Características del producto y publicación,2,2,0.0,4.318765,2,1.0,7,0.0,0,0,0,0,
Create Custom Taxonomies with ACF Plugin – Easy Guide,2,2,0.0,0.0,2,1.0,6,0.0,0,0,0,0,
Ejemplo de CSV y XML de muestra - Ultimate CSV/XML Importer,2,2,1.0,112.8102795,2,0.0,13,0.0,0,0,0,0,
Enable & Configure WP-Cron for Better WordPress Performance,2,7,0.2857142857142857,37.214974,4,0.7142857142857143,21,0.0,0,0,0,0,
ExcelからWordPressにデータをインポートする方法は?,2,3,0.6666666666666666,20.79235433333333,2,0.3333333333333333,15,0.0,0,0,0,0,
Exportar e importar campos personalizados avanzados,2,2,0.0,2.710829,2,1.0,7,0.0,0,0,0,0,
How to Import Data from Excel to WordPress (Step-by-Step),2,2,0.0,0.0,2,1.0,6,0.0,0,0,0,0,
How to Import WordPress Pages: Step-by-Step Guide,2,3,0.0,2.0054493333333334,2,1.0,10,0.0,0,0,0,0,
How to Install WAMP and XAMPP Locally | Step-by-Step Guide,2,2,0.5,274.8433345,2,0.5,10,0.0,0,0,0,0,
"Import Export Listings from Business Directory, GeoDirectory & More",2,2,0.5,24.751958,2,0.5,8,0.0,0,0,0,0,
Optimize data export with Ultimate Exporter,2,10,0.6,51.1461453,9,0.4,27,0.0,0,0,0,0,
Organize Media Easily with AIO WP Media Library Manager,2,2,0.5,6.4498025,2,0.5,13,0.0,0,0,0,0,
Smackcoders Black Friday & Cyber Monday Deals 2025,2,7,0.7142857142857143,165.33837714285713,9,0.2857142857142857,38,0.0,0,0,0,0,
Smackcoders Blog | Product Features and Post,2,7,0.7142857142857143,500.03423514285714,25,0.2857142857142857,109,0.0,0,0,0,0,
Smackcoders | 成長中のビジネスのためのWordPressソリューション,2,6,0.6666666666666666,8.197287666666666,6,0.3333333333333333,10,0.0,0,0,0,0,
Top 10 Best WordPress SEO Plugins in 2025,2,2,0.0,0.0,2,1.0,6,0.0,0,0,0,0,
"View Shopping Cart Items - Smackcoders Products, Plugins and Modules",2,2,0.0,0.0,2,1.0,6,0.0,0,0,0,0,
WP Ultimate CSV Importer - Documentations,2,9,0.6666666666666666,13.159427777777776,11,0.3333333333333333,27,0.0,0,0,0,0,
WooCommerce Inventory Management: Best Practices,2,2,0.0,0.0,2,1.0,6,0.0,0,0,0,0,
WordPress Security Best Practices | Secure Data-Heavy sites,2,2,0.0,0.0,2,1.0,6,0.0,0,0,0,0,
WordPressでCSVファイルをインポートする方法:詳細ガイド,2,2,0.5,12.8881185,3,0.5,10,0.0,0,0,0,0,
ha-megamenu-content-69899 - Smackcoders Inc,2,2,0.0,0.0,2,1.0,6,0.0,0,0,0,0,
AI-Generated WordPress Content Import with Gemini & Claude,1,1,0.0,0.0,1,1.0,3,0.0,0,0,0,0,
About Us | Smackcoders,1,3,0.3333333333333333,18.381709,4,0.6666666666666666,11,0.0,0,0,0,0,
Advanced WordPress Import & Export Techniques – Expert Tips,1,1,0.0,0.0,1,1.0,3,0.0,0,0,0,0,
Aumente la clasificación con la importación SEO:CSV Importer,1,1,0.0,0.0,1,1.0,3,0.0,0,0,0,0,
Automate WooCommerce Emails with WP Follow Up Emails,1,1,0.0,8.54196,1,1.0,7,0.0,0,0,0,0,
Best Practices for Secure WordPress Sites in 2025,1,1,0.0,6.976708,1,1.0,4,0.0,0,0,0,0,
Create an Online Store with WordPress – Easy Beginner Guide,1,1,1.0,71.920988,1,0.0,5,0.0,0,0,0,0,
Cómo Importar y Exportar Reseñas de Productos en WooCommerce,1,1,1.0,40.985538,1,0.0,7,0.0,0,0,0,0,
Cómo importar con los módulos de importación de CSV definitivos,1,1,0.0,0.0,1,1.0,3,0.0,0,0,0,0,
Cómo importar y exportar reseñas de WooCommerce,1,1,0.0,0.0,1,1.0,3,0.0,0,0,0,0,
Exportación de WordPress Importar una sola página como CSV,1,1,1.0,18.892818,1,0.0,7,0.0,0,0,0,0,
How to Create a Form in WordPress Without Plugins,1,1,0.0,4.880257,1,1.0,4,0.0,0,0,0,0,
How to Import Export Elementor Websites as CSV,1,1,1.0,39.225025,1,0.0,6,0.0,0,0,0,0,
How to Import Variable Products in WooCommerce via CSV,1,1,0.0,0.0,1,1.0,3,0.0,0,0,0,0,
How to Import WordPress Categories and Tags,1,1,0.0,0.0,1,1.0,3,0.0,0,0,0,0,
How to Import and Export LMS Data in WordPress?,1,2,0.0,0.0,2,1.0,5,0.0,0,0,0,0,
How to Import and Export WooCommerce Reviews,1,1,0.0,0.0,1,1.0,3,0.0,0,0,0,0,
How to Import and Export WordPress Users Easily,1,1,1.0,18.571553,1,0.0,8,0.0,0,0,0,0,
How to Import and Export user members in WordPress,1,2,0.5,65.9767475,1,0.5,8,0.0,0,0,0,0,
"How to Import, Update & Schedule WordPress Data Easily",1,1,0.0,0.0,1,1.0,3,0.0,0,0,0,0,
How to Improve Core Web Vitals in WordPress (Guide for Better SEO & Speed),1,1,0.0,0.0,1,1.0,3,0.0,0,0,0,0,
How to Restore WordPress Site from Backup – Easy Guide,1,1,0.0,2.978789,1,1.0,4,0.0,0,0,0,0,
How to Scale Your WordPress Site for High Traffic,1,1,0.0,0.0,1,1.0,3,0.0,0,0,0,0,
How to build dynamic WordPress sites with custom post types,1,1,0.0,0.0,1,1.0,3,0.0,0,0,0,0,
Import WPML multilingual content to WordPress,1,1,1.0,17.455484,1,0.0,4,0.0,0,0,0,0,
Import WooCommerce Products Using WP Ultimate CSV Importer,1,1,1.0,89.882083,1,0.0,4,0.0,0,0,0,0,
Importar Campos Meta Box y Exportar con Ultimate CSV Importer,1,1,0.0,0.0,1,1.0,3,0.0,0,0,0,0,
Importar y exportar clientes de WooCommerce | Una Guía fácil,1,1,1.0,33.158284,1,0.0,8,0.0,0,0,0,0,
JetEngine Data Import & Export with WP Ultimate CSV Importer,1,1,1.0,11.140094,1,0.0,4,0.0,0,0,0,0,
JetEngine Import/Export with WP Ultimate CSV Importer,1,2,0.5,5.3967555,2,0.5,5,0.0,0,0,0,0,
LearnPress Data Import via CSV/XML file - Quick & Easy Guide,1,2,0.5,36.3541565,2,0.5,7,0.0,0,0,0,0,
Pasos sencillos para instalar WAMP y XAMPP,1,1,0.0,7.331399,1,1.0,4,0.0,0,0,0,0,
Polylang & CSV Importerによる多言語コンテンツ管理,1,1,0.0,0.0,1,1.0,3,0.0,0,0,0,0,
Polylang Import Translation for WordPress Multilingual Sites,1,2,0.5,155.8774235,2,0.5,8,0.0,0,0,0,0,
Política de reembolso de Smackcoders,1,1,1.0,16.402618,1,0.0,4,0.0,0,0,0,0,
Refund Policy - Smackcoders,1,1,0.0,0.0,1,1.0,3,0.0,0,0,0,0,
Smackcoders Support,1,3,1.0,19.83406366666667,3,0.0,6,0.0,0,0,0,0,
Smackcodersブログ|製品の機能と投稿,1,1,0.0,0.0,1,1.0,3,0.0,0,0,0,0,
Sobre Nosotros | Smackcoders (en inglés),1,1,0.0,0.0,1,1.0,3,0.0,0,0,0,0,
Supercharge SEO with RankMath Data Import & Export,1,1,0.0,0.0,1,1.0,3,0.0,0,0,0,0,
"Ver Artículos del Carrito de la Compra - Productos, Plugins y Módulos de Smackcoders",1,1,0.0,0.0,1,1.0,3,0.0,0,0,0,0,
W2S WooCommerce to Shopify Sync Configuration Guide,1,1,0.0,0.0,1,1.0,3,0.0,0,0,0,0,
WAMPとXAMPPをインストールする簡単な手順,1,1,1.0,123.346989,1,0.0,7,0.0,0,0,0,0,
WP Ultimate CSV Importer Pro Features | Your Import Solution,1,3,0.3333333333333333,1.9375246666666663,2,0.6666666666666666,5,0.0,0,0,0,0,
WP Ultimate CSV Importer Troubleshooting Guide – Easy Fixes,1,5,1.0,482.308278,7,0.0,17,0.0,0,0,0,0,
WooCommerce Variable Pricing Calculator – Sell by Area,1,1,0.0,0.0,1,1.0,3,0.0,0,0,0,0,
WooCommerce to Shopify Order Sync Guide | W2S Sync,1,1,0.0,0.0,1,1.0,3,0.0,0,0,0,0,
WooCommerce to Shopify Product Sync Guide,1,1,0.0,0.0,1,1.0,3,0.0,0,0,0,0,
WooCommerce to Shopify Sync Plugin | W2S Bidirectional Sync,1,3,0.6666666666666666,8.624954333333333,3,0.3333333333333333,5,0.0,0,0,0,0,
WordPress Admin Productivity Hacks Every Developer Must Know,1,1,0.0,0.0,1,1.0,3,0.0,0,0,0,0,
WordPressでAI を使用する方法 | 完全ガイド,1,1,0.0,0.0,1,1.0,3,0.0,0,0,0,0,
WordPressに画像を追加する最良の方法,1,1,0.0,6.951393,1,1.0,4,0.0,0,0,0,0,
WordPressページのインポート方法：ステップバイステップガイド,1,1,1.0,931.385343,1,0.0,8,0.0,0,0,0,0,
¿Cómo importar datos de Excel a WordPress?,1,1,1.0,2028.694233,2,0.0,10,0.0,0,0,0,0,
お問い合わせ - Smackcoders,1,10,0.9,6.9622806,10,0.1,12,0.0,0,0,0,0,
カスタム投稿タイプデータを簡単にインポート＆エクスポート,1,1,1.0,7.404008,1,0.0,7,0.0,0,0,0,0,
ショッピングカートのアイテムを表示 - Smackcodersの製品、プラグイン、モジュール,1,1,0.0,0.0,1,1.0,3,0.0,0,0,0,0,
プラグインなしでCSVをインポートする方法,1,1,1.0,10.943352,1,0.0,4,0.0,0,0,0,0,
究極のCSVインポーターを使用したWordPress CSV / XMLデータのインポート,1,3,0.6666666666666666,13.594956333333334,3,0.3333333333333333,9,0.0,0,0,0,0,
高度なカスタムフィールドのエクスポートとインポート方法,1,2,0.5,12.521629,2,0.5,7,0.0,0,0,0,0,
,0,0,0.0,0.0,0,0.0,135,538.2,0,0,0,0,
(not set),0,0,0.0,0.0,0,0.0,119,298.0,0,0,0,0,
AI Integration with Ultimate CSV Importer – ChatGPT & More,0,1,1.0,5.66408,1,0.0,1,0.0,0,0,0,0,
AI WordPress Security: How to Protect Your site from Hackers,0,2,1.0,7.4581295,2,0.0,8,0.0,0,0,0,0,
Aumenta le vendite con WordPress Leads Builder,0,1,1.0,6.849956,0,0.0,1,0.0,0,0,0,0,
Best Multipurpose WordPress Themes for Businesses,0,2,1.0,156.8116415,1,0.0,7,0.0,0,0,0,0,
Best WP All Import Alternative: WP Ultimate CSV Importer,0,1,1.0,17.022758,1,0.0,5,0.0,0,0,0,0,
Best WooCommerce Plugins for 2026 to Grow Your Online Store,0,1,0.0,2.850753,1,1.0,2,0.0,0,0,0,0,
Best WordPress Plugins to Upgrade Your Website,0,10,0.9,13.8770036,10,0.1,28,0.0,0,0,0,0,
Boost Sales with WordPress Leads Builder,0,4,1.0,6.30812025,4,0.0,5,0.0,0,0,0,0,
Come installare caricatori Ioncube | Guida completa,0,1,1.0,1748.054416,0,0.0,3,0.0,0,0,0,0,
Contact Us - Smackcoders,0,13,1.0,156.92234138461538,15,0.0,24,0.0,0,0,0,0,
Contáctanos - Smackcoders,0,8,1.0,5.6759415,8,0.0,8,0.0,0,0,0,0,
Documentation - Smackcoders Inc,0,3,1.0,16.919401,3,0.0,4,0.0,0,0,0,0,
Effortless WordPress Users Sync: Convert Leads with Ease!,0,2,1.0,7.9554425,2,0.0,2,0.0,0,0,0,0,
Guía de solución de problemas del importador CSV de WP Ultimate: soluciones sencillas,0,1,1.0,43.523726,0,0.0,2,0.0,0,0,0,0,
How to Export WordPress Users: An Easy Step-by-Step Guide,0,1,0.0,0.0,0,1.0,2,0.0,0,0,0,0,
How to Import Images into WordPress | Ultimate CSV Importer,0,1,1.0,380.973297,1,0.0,5,0.0,0,0,0,0,
How to Import WooCommerce Customers | Step by Step Guide,0,1,1.0,0.0,1,0.0,2,0.0,0,0,0,0,
Import Export EDD Customers in WordPress via CSV or Excel,0,2,1.0,9.974213,2,0.0,6,0.0,0,0,0,0,
Import and Export Custom Field Suite (CFS) in WordPress,0,1,1.0,5.868575,1,0.0,1,0.0,0,0,0,0,
Importación CSV/XML WordPress con Importador definitivo de CSV,0,1,1.0,85.831318,1,0.0,5,0.0,0,0,0,0,
Migrate WordPress & WooCommerce Easily with CSV Importer,0,1,1.0,187.092964,1,0.0,6,0.0,0,0,0,0,
Partner with Smackcoders - Product / Services,0,2,1.0,6.015019,2,0.0,2,0.0,0,0,0,0,
Polylang Import Products for WooCommerce – Easy Guide,0,1,1.0,1085.553473,3,0.0,8,0.0,0,0,0,0,
Security Fix for WP Ultimate CSV Importer,0,1,1.0,331.328152,2,0.0,9,0.0,0,0,0,0,
Smackcoders | Soluciones WordPress para Crecer tu Negocio,0,2,1.0,9.537334,2,0.0,2,0.0,0,0,0,0,
Smackcodersマイアカウントポータル,0,7,1.0,14.090870285714288,20,0.0,20,0.0,0,0,0,0,
Ultimate CSV Importer 8.5 – Data Export with WP Query & more,0,1,1.0,432.222908,1,0.0,5,0.0,0,0,0,0,
"Ultimate CSV Importer 8.6 – WP Rentals, Serialized & More",0,1,1.0,544.795895,1,0.0,6,0.0,0,0,0,0,
User Role Management - Getting Started,0,1,1.0,6.00745,1,0.0,1,0.0,0,0,0,0,
User Role Management Archives - Smackcoders Inc,0,2,1.0,7.7837075,2,0.0,2,0.0,0,0,0,0,
WP Ultimate CSV Importer - ドキュメント,0,1,1.0,207.15336,3,0.0,10,0.0,0,0,0,0,
WP Ultimate CSV Importer Pricing – Choose Your Plan,0,6,1.0,457.7954275,4,0.0,16,0.0,0,0,0,0,
WP Ultimate CSV Importer Pro – Changelog & Updates,0,2,1.0,5.4253635,2,0.0,2,0.0,0,0,0,0,
WP Ultimate CSV Importer Proの機能,0,1,1.0,38.538053,2,0.0,11,0.0,0,0,0,0,
WP Ultimate CSV Importerトラブルシューティング ガイド,0,2,1.0,3.096022,2,0.0,4,0.0,0,0,0,0,
WP Ultimate CSV 导入器 - 文档,0,1,1.0,7.051828,0,0.0,3,0.0,0,0,0,0,
WP Ultimate CSV 导入器 Pro 功能 |你的导入解决方案,0,1,1.0,23.746501,0,0.0,3,0.0,0,0,0,0,
Wie importiere ich eine CSV-Datei in WordPress? | Ultimativer CSV-Importer,0,1,0.0,0.0,0,1.0,2,0.0,0,0,0,0,
WooCommerce to Shopify Customer Sync Guide | W2S Sync,0,2,1.0,5.391976,2,0.0,2,0.0,0,0,0,0,
WordPress CSV & XML Veri İtterleyici - WP Ultimate CSV İtterleyici,0,1,1.0,5.831799,0,0.0,1,0.0,0,0,0,0,
WordPress CSV 和 XML 数据导入器 - WP Ultimate CSV 导入器,0,1,1.0,53.325018,0,0.0,4,0.0,0,0,0,0,
WordPressのカテゴリとタグをインポートするとCSV Importer,0,2,1.0,38.611747,2,0.0,8,0.0,0,0,0,0,
WordPressユーザーのインポートとエクスポート方法を解説,0,2,1.0,191.5727145,2,0.0,7,0.0,0,0,0,0,
Интеграция ИИ с лучшим импортером CSV-файлов – ChatGPT и другими сервисами.,0,1,1.0,19.953775,0,0.0,3,0.0,0,0,0,0,
Как импортировать CSV-файл в WordPress? | Лучший импортер CSV,0,1,1.0,55.765183,0,0.0,1,0.0,0,0,0,0,
Примеры CSV и XML файлов - WP Ultimate CSV/XML Importer,0,2,0.5,188.953439,0,0.5,7,0.0,0,0,0,0,
サンプルCSV&XMLファイル - WP Ultimate CSV/XML Importer,0,2,1.0,3.7910695,2,0.0,3,0.0,0,0,0,0,
チェックアウト - Smackcoders,0,1,1.0,1136.34556,4,0.0,19,0.0,0,0,0,0,
簡単なWordPressユーザーの同期:リードを簡単に変換!,0,2,1.0,3.782251,2,0.0,2,0.0,0,0,0,0,
