top pages,clicks,impressions,ctr,position,errors
https://www.smackcoders.com/blog/wordpress-seo-plugins.html,0,4957,0.0,72.6681460560823,High impressions but no clicks
https://www.smackcoders.com/blog/add-external-urls-to-featured-images-wordpress.html,10,2896,0.0034530386740331,12.973756906077348,
https://www.smackcoders.com/blog/export-import-advanced-custom-fields-csv-wordpress.html,4,1593,0.002510985561833,12.67294413057125,
https://www.smackcoders.com/blog/wordpress-ultimate-csv-importer-csv-sample-files-and-updates.html,7,1484,0.0047169811320754,15.723045822102426,
https://www.smackcoders.com/blog/create-custom-taxonomies-with-acf.html,5,1398,0.0035765379113018,15.894849785407724,
https://www.smackcoders.com/blog/how-to-install-wamp-and-xampp.html,6,1242,0.0048309178743961,11.412238325281804,
https://www.smackcoders.com/wp-ultimate-csv-importer-pro.html,39,1211,0.0322047894302229,11.410404624277456,
https://www.smackcoders.com/blog/enable-configure-wp-cron.html,6,1174,0.0051107325383304,21.061328790459967,
https://www.smackcoders.com/blog/how-to-restore-wordpress-site-from-backup.html,1,1170,0.0008547008547008,34.023931623931624,
https://www.smackcoders.com/blog/create-and-import-custom-post-types-in-wordpress.html,3,1136,0.0026408450704225,15.59419014084507,
https://www.smackcoders.com/blog/how-to-install-ioncube-loaders-simple-steps-for-various-hosting-types.html,3,1086,0.0027624309392265,16.708103130755063,
https://www.smackcoders.com/blog/how-to-import-csv-file-in-wordpress-without-plugin.html,5,997,0.0050150451354062,14.844533600802407,
https://www.smackcoders.com/blog/export-import-single-wordpress-post-page-product.html,3,956,0.0031380753138075,17.064853556485357,
https://www.smackcoders.com/blog/how-to-import-page-to-wordpress.html,3,906,0.0033112582781456,14.41832229580574,
https://www.smackcoders.com/blog/optimize-wordpress-database-for-large-sites.html,0,892,0.0,18.52354260089686,
https://www.smackcoders.com/blog/best-woocommerce-affiliate-plugins.html,0,797,0.0,34.37892095357591,
https://www.smackcoders.com/blog/best-wordpress-speed-optimization-plugins.html,0,744,0.0,46.799731182795696,
https://www.smackcoders.com/documentation/wp-ultimate-csv-importer-pro/acf-import,2,743,0.0026917900403768,21.47779273216689,
https://www.smackcoders.com/documentation/wp-ultimate-csv-importer-pro/rankmath-data-import-and-export,1,731,0.0013679890560875,19.10670314637483,
https://www.smackcoders.com/blog/wordpress-seo-guide.html,0,719,0.0,68.76773296244784,
https://www.smackcoders.com/,72,669,0.1076233183856502,8.994020926756352,
https://www.smackcoders.com/blog/mastering-wpml-language-localization.html,1,666,0.0015015015015015,16.935435435435437,
https://www.smackcoders.com/blog/advanced-techniques-for-wordpress-import-and-export.html,0,612,0.0,30.815359477124183,
https://www.smackcoders.com/es/blog/como-instalar-wamp-y-xampp.html,1,597,0.0016750418760469,10.82747068676717,
https://www.smackcoders.com/blog/build-dynamic-wordpress-sites-with-custom-post-types.html,5,588,0.0085034013605442,18.197278911564627,
https://www.smackcoders.com/blog/ppom-for-woocommerce-import-export-custom-fields.html,0,574,0.0,9.045296167247386,
https://www.smackcoders.com/wp-all-import-alternative.html,5,545,0.0091743119266055,24.357798165137616,
https://www.smackcoders.com/ja/blog/add-external-urls-to-featured-images-wordpress.html,23,541,0.0425138632162661,6.10720887245841,
https://www.smackcoders.com/blog/scale-wordpress-for-high-traffic.html,0,509,0.0,35.11001964636542,
https://www.smackcoders.com/blog/how-to-export-wordpress-users.html,9,492,0.0182926829268292,22.392276422764223,
https://www.smackcoders.com/blog/speed-up-your-wordpress-website.html,0,481,0.0,76.81496881496882,
https://www.smackcoders.com/documentation/wp-ultimate-csv-importer-pro/import-export-user-members,0,416,0.0,34.96875,
https://www.smackcoders.com/blog/polylang-import-translation-guide.html,1,412,0.0024271844660194,22.75242718446602,
https://www.smackcoders.com/blog/import-export-gravity-forms-entries.html,0,400,0.0,27.845,
https://www.smackcoders.com/documentation/wp-ultimate-csv-importer-pro/jet-engine-data-import,2,378,0.0052910052910052,14.727513227513228,
https://www.smackcoders.com/documentation/wp-ultimate-csv-importer-pro/import-wordpress-categories-and-tags,1,339,0.0029498525073746,19.238938053097343,
https://www.smackcoders.com/blog/import-variable-products-into-woocommerce.html,0,334,0.0,33.464071856287426,
https://www.smackcoders.com/about-us.html,4,331,0.0120845921450151,4.413897280966768,
https://www.smackcoders.com/blog/create-a-form-in-wordpress-without-plugins.html,0,330,0.0,12.624242424242423,
https://www.smackcoders.com/documentation/wp-ultimate-csv-importer-pro/troubleshooting-guide,3,315,0.0095238095238095,11.834920634920636,
https://www.smackcoders.com/documentation/wp-ultimate-csv-importer-pro/woocommerces,0,302,0.0,36.47682119205298,
https://www.smackcoders.com/documentation/wp-ultimate-csv-importer-pro/how-to-import-woocommerce-orders,0,299,0.0,44.59531772575251,
https://www.smackcoders.com/blog/migrate-shopify-to-woocommerce.html,0,290,0.0,51.27586206896552,
https://www.smackcoders.com/blog/best-woocommerce-plugins.html,1,286,0.0034965034965034,28.98951048951049,
https://www.smackcoders.com/blog/import-and-export-woocommerce-customers.html,0,276,0.0,39.47463768115942,
https://www.smackcoders.com/blog/improve-core-web-vitals-in-wordpress.html,0,276,0.0,38.36231884057971,
https://www.smackcoders.com/blog/scaling-woocommerce-manage-products-orders.html,0,276,0.0,16.28623188405797,
https://www.smackcoders.com/documentation/wp-ultimate-csv-importer-pro/import-images-into-wordpress,0,268,0.0,17.332089552238806,
https://www.smackcoders.com/contact-us.html,5,265,0.0188679245283018,2.739622641509434,
https://www.smackcoders.com/ja/blog/how-to-import-page-to-wordpress.html,4,263,0.0152091254752851,6.634980988593156,
https://www.smackcoders.com/blog/polylang-import-products-woocommerce.html,1,262,0.0038167938931297,18.15267175572519,
https://www.smackcoders.com/ja/blog/wordpress-seo-guide.html,0,256,0.0,68.73046875,
https://www.smackcoders.com/documentation/wp-ultimate-csv-importer-pro/importer-faq,3,255,0.0117647058823529,15.294117647058824,
https://www.smackcoders.com/es/blog/ejemplos-de-archivos-csv-y-xml-para-la-importacion-de-prueba-wp-ultimate-csv-xml-importer.html,4,250,0.016,3.956,
https://www.smackcoders.com/blog/import-export-elementor-as-csv.html,0,247,0.0,19.77327935222672,
https://www.smackcoders.com/ja/blog/enable-configure-wp-cron.html,8,246,0.032520325203252,5.963414634146342,
https://www.smackcoders.com/documentation/wp-ultimate-csv-importer-pro/metabox-import-export,0,242,0.0,18.47107438016529,
https://www.smackcoders.com/documentation/wp-ultimate-csv-importer-pro/import-and-export-woocommerce-reviews,0,235,0.0,19.280851063829783,
https://www.smackcoders.com/blog/best-multipurpose-wordpress-themes.html,0,233,0.0,32.347639484978544,
https://www.smackcoders.com/documentation/wp-ultimate-csv-importer-pro/how-to-import-variable-products-in-woocommerce,4,231,0.0173160173160173,29.047619047619047,
https://www.smackcoders.com/blog/import-export-listings-business-directory-plugins.html,1,227,0.0044052863436123,18.669603524229075,
https://www.smackcoders.com/blog/how-to-import-csv-file-in-wordpress.html,0,226,0.0,19.079646017699115,
https://www.smackcoders.com/wordpress.html,0,223,0.0,4.748878923766816,
https://www.smackcoders.com/documentation/wp-ultimate-csv-importer-pro/how-to-import-csv,0,216,0.0,16.287037037037038,
https://www.smackcoders.com/blog/import-export-custom-post-types-plugin-data.html,1,200,0.005,20.43,
https://www.smackcoders.com/wp-ultimate-csv-importer-pro/changelog.html,0,200,0.0,21.135,
https://www.smackcoders.com/documentation/wp-ultimate-csv-importer-pro/import-and-export-nextgen-gallery-images,2,199,0.0100502512562814,17.537688442211056,
https://www.smackcoders.com/wp-follow-up-emails.html,2,189,0.0105820105820105,38.38095238095238,
https://www.smackcoders.com/support.html,0,189,0.0,4.047619047619048,
https://www.smackcoders.com/blog/import-export-woocommerce-product-reviews.html,1,182,0.0054945054945054,30.57692307692308,
https://www.smackcoders.com/blog/export-import-advanced-custom-fields-csv-wordpress.html#export-import-of-advanced-custom-fields-data-from-csv,0,177,0.0,8.531073446327683,
https://www.smackcoders.com/blog/ai-in-wordpress.html,1,175,0.0057142857142857,19.737142857142857,
https://www.smackcoders.com/documentation/wp-ultimate-csv-importer-pro/import-data-from-excel-to-wordpress,1,171,0.0058479532163742,28.795321637426905,
https://www.smackcoders.com/ja/blog/how-to-import-csv-file-in-wordpress.html,4,167,0.0239520958083832,17.377245508982035,
https://www.smackcoders.com/blog/ai-generated-wordpress-content-import.html,0,166,0.0,12.63855421686747,
https://www.smackcoders.com/blog/export-import-advanced-custom-fields-csv-wordpress.html#export-acf-fields-in-word-press-as-csv,0,166,0.0,8.578313253012048,
https://www.smackcoders.com/blog/create-a-multilingual-website-with-wpml.html,0,165,0.0,23.63636363636364,
https://www.smackcoders.com/deals.html,1,164,0.0060975609756097,5.048780487804878,
https://www.smackcoders.com/blog/export-woocommerce-orders-to-google-sheets.html,0,163,0.0,61.8957055214724,
https://www.smackcoders.com/es/blog/como-anadir-urls-externas-a-las-imagenes-destacadas-en-wordpress.html,1,160,0.00625,4.98125,
https://www.smackcoders.com/wp-ultimate-csv-importer-pro/woocommerce-import-products.html,1,158,0.0063291139240506,55.5126582278481,
https://www.smackcoders.com/ja/blog/export-import-advanced-custom-fields-csv-wordpress.html,8,151,0.0529801324503311,8.185430463576159,
https://www.smackcoders.com/documentation.html,0,149,0.0,3.697986577181208,
https://www.smackcoders.com/documentation/wp-ultimate-csv-importer-pro/learnpress-data-import,2,148,0.0135135135135135,10.736486486486486,
https://www.smackcoders.com/documentation/wp-ultimate-csv-importer-pro/import-and-export-lms-data,2,145,0.0137931034482758,16.944827586206898,
https://www.smackcoders.com/wp-ultimate-csv-importer-pro/import-acf-custom-fields-from-csv.html,0,145,0.0,21.02758620689655,
https://www.smackcoders.com/blog/export-import-single-wordpress-post-page-product.html#why-do-you-need-to-export-and-import-single-post-page-custom-post-record,0,144,0.0,8.715277777777779,
https://www.smackcoders.com/blog/export-import-single-wordpress-post-page-product.html#key-features-of-single-post-csv-import-export,0,143,0.0,8.6993006993007,
https://www.smackcoders.com/blog/import-woocommerce-products-with-custom-fields.html,0,143,0.0,20.51048951048951,
https://www.smackcoders.com/documentation/wp-ultimate-csv-importer-pro/wpml-multilingual-import,0,135,0.0,21.659259259259255,
https://www.smackcoders.com/wp-ultimate-csv-importer-pro/features.html,0,135,0.0,15.62962962962963,
https://www.smackcoders.com/documentation/woocommerce-to-shopify-integration/woocommerce-to-shopify-integration-plugin,0,133,0.0,52.40601503759399,
https://www.smackcoders.com/blog/wp-ultimate-csv-importer-8-12-edd.html,0,130,0.0,9.26923076923077,
https://www.smackcoders.com/documentation/wp-ultimate-csv-importer-pro/how-to-import-schedule-or-update,0,130,0.0,14.23076923076923,
https://www.smackcoders.com/wp-ultimate-csv-importer-pro/import-wpml-multilingual-content.html,0,130,0.0,44.13846153846154,
https://www.smackcoders.com/partnership.html,0,129,0.0,5.976744186046512,
https://www.smackcoders.com/blog/best-practices-for-wordpress-sites.html,0,128,0.0,19.140625,
https://www.smackcoders.com/blog.html,1,127,0.0078740157480314,12.637795275590552,
https://www.smackcoders.com/documentation/wp-ultimate-csv-importer-pro/what-is-elementor-import-export,1,125,0.008,12.856,
https://www.smackcoders.com/ja/blog/advanced-techniques-for-wordpress-import-and-export.html,2,124,0.0161290322580645,8.620967741935484,
https://www.smackcoders.com/documentation/wp-ultimate-csv-importer-pro/import-woocommerce-customers,0,123,0.0,42.99186991869919,
https://www.smackcoders.com/documentation/wp-ultimate-csv-importer-pro/post-page-custompost-import,1,120,0.0083333333333333,19.341666666666665,
https://www.smackcoders.com/blog/export-import-advanced-custom-fields-csv-wordpress.html#acf-field-types-explained,0,120,0.0,8.483333333333334,
https://www.smackcoders.com/blog/polylang-plugin-for-wordpress.html,0,119,0.0,30.26050420168067,
https://www.smackcoders.com/wp-ultimate-csv-importer-pro/seo-meta-data-import.html,0,118,0.0,27.516949152542374,
https://www.smackcoders.com/wp-ultimate-exporter.html,4,116,0.0344827586206896,15.862068965517242,
https://www.smackcoders.com/es/blog/importar-y-exportar-clientes-de-woocommerce.html,3,116,0.0258620689655172,12.0,
https://www.smackcoders.com/es/blog/como-habilitar-y-configurar-wp-cron.html,0,116,0.0,10.767241379310343,
https://www.smackcoders.com/wp-ultimate-csv-importer-pro/jetengine-cct-import.html,1,115,0.008695652173913,17.782608695652176,
https://www.smackcoders.com/ja/blog/create-a-multilingual-website-with-wpml.html,0,108,0.0,14.574074074074074,
https://www.smackcoders.com/blog/wordpress-ultimate-csv-importer-csv-sample-files-and-updates.html#sample-files-for-word-press-csv-xml-import,0,107,0.0,7.05607476635514,
https://www.smackcoders.com/blog/wordpress-ultimate-csv-importer-csv-sample-files-and-updates.html#word-press-csv-import,0,107,0.0,7.05607476635514,
https://www.smackcoders.com/blog/wordpress-ultimate-csv-importer-csv-sample-files-and-updates.html#word-press-xml-import,0,107,0.0,7.05607476635514,
https://www.smackcoders.com/ja/blog/create-custom-taxonomies-with-acf.html,9,106,0.0849056603773584,5.783018867924528,
https://www.smackcoders.com/ja/blog/create-custom-fields-with-acf-in-wordpress.html,1,105,0.0095238095238095,9.647619047619049,
https://www.smackcoders.com/documentation/wp-ultimate-csv-importer-pro/export-wordpress-data-using-wp-query,0,105,0.0,20.590476190476192,
https://www.smackcoders.com/es/blog/migrar-shopify-a-woocommerce.html,0,103,0.0,38.970873786407765,
https://www.smackcoders.com/ja/blog/add-external-urls-to-featured-images-wordpress.html#importing-bulk-external-ur-ls-to-featured-images-in-word-press-posts-pages-and-custom-posts,0,102,0.0,5.3431372549019605,
https://www.smackcoders.com/documentation/wp-ultimate-csv-importer-pro/polylang-multilingual-content-import-export,1,99,0.0101010101010101,21.424242424242426,
https://www.smackcoders.com/documentation/woocommerce-to-shopify-integration/w2s-getting-started,0,99,0.0,26.05050505050505,
https://www.smackcoders.com/documentation/wp-ultimate-csv-importer-pro/slim-seo-metadata-import-export,0,99,0.0,17.21212121212121,
https://www.smackcoders.com/documentation/wp-ultimate-csv-importer-pro/import-and-export-wordpress-users,0,98,0.0,29.071428571428573,
https://www.smackcoders.com/manage-large-wordpress-sites-without-slowing-down.html,1,97,0.0103092783505154,10.09278350515464,
https://www.smackcoders.com/ja/documentation/wp-ultimate-csv-importer/acf-import,5,96,0.0520833333333333,6.59375,
https://www.smackcoders.com/documentation/wp-ultimate-csv-importer-pro/wordpress-export-import-single-page,0,96,0.0,35.71875,
https://www.smackcoders.com/blog/export-import-advanced-custom-fields-csv-wordpress.html#import-acf-fields-in-word-press-from-csv,0,93,0.0,8.473118279569892,
https://www.smackcoders.com/wp-leads-builder-any-crm-pro.html,0,93,0.0,37.66666666666666,
https://www.smackcoders.com/es/documentation/wp-ultimate-csv-importer-pro/como-importar-productos-variables-en-woocommerce,2,92,0.0217391304347826,11.543478260869565,
https://www.smackcoders.com/blog/wordpress-security-checklist.html,0,91,0.0,41.95604395604396,
https://www.smackcoders.com/es/blog/creacion-de-taxonomias-personalizadas-con-el-complemento-acf-una-guia-paso-a-paso.html,0,91,0.0,5.769230769230769,
https://www.smackcoders.com/ja/blog/how-to-install-wamp-and-xampp.html,1,88,0.0113636363636363,7.75,
https://www.smackcoders.com/blog/add-external-urls-to-featured-images-wordpress.html#how-to-add-external-url-links-to-word-press-posts-pages,0,88,0.0,6.795454545454546,
https://www.smackcoders.com/ja/blog/add-external-urls-to-featured-images-wordpress.html#how-to-add-external-url-links-to-word-press-posts-pages,0,88,0.0,5.079545454545454,
https://www.smackcoders.com/blog/how-to-import-page-to-wordpress.html#common-scenarios-and-methods-to-import-pages-into-word-press,0,87,0.0,7.482758620689655,
https://www.smackcoders.com/blog/how-to-import-page-to-wordpress.html#step-by-step-import-word-press-pages-via-rest-api,0,87,0.0,7.482758620689655,
https://www.smackcoders.com/blog/how-to-import-page-to-wordpress.html#types-of-pages-you-can-import,0,87,0.0,7.482758620689655,
https://www.smackcoders.com/ja/blog/blog-create-and-import-custom-post-types-in-wordpress.html,3,85,0.0352941176470588,13.6,
https://www.smackcoders.com/blog/import-posts-or-products-from-excel-to-wordpress.html,0,85,0.0,25.2,
https://www.smackcoders.com/documentation/wp-ultimate-csv-importer-pro/import-serialized-fields-data,0,85,0.0,13.6,
https://www.smackcoders.com/ja/blog/how-to-import-csv-file-in-wordpress.html#%E5%9F%BA%E6%9C%AC%E3%81%AE%E7%90%86%E8%A7%A3,0,84,0.0,5.892857142857143,
https://www.smackcoders.com/ja/blog/how-to-import-csv-file-in-wordpress.html#csv-%E3%83%95%E3%82%A1%E3%82%A4%E3%83%AB%E3%81%AE%E3%82%A4%E3%83%B3%E3%83%9D%E3%83%BC%E3%83%88%E3%81%AE%E5%BC%B7%E5%8C%96,0,83,0.0,5.855421686746988,
https://www.smackcoders.com/easy-inventory-and-stock-manager-for-woocommerce.html,1,80,0.0125,46.1125,
https://www.smackcoders.com/ja/documentation/wp-ultimate-exporter/wordpress-exporter-guide,1,80,0.0125,11.6125,
https://www.smackcoders.com/wp-ultimate-csv-importer-pro/pricing.html,1,80,0.0125,13.3125,
https://www.smackcoders.com/blog/woocommerce-variable-pricing-calculator.html,0,80,0.0,20.3,
https://www.smackcoders.com/blog/wordpress-security-best-practices.html,0,80,0.0,47.3,
https://www.smackcoders.com/blog/how-to-prepare-woocommerce-for-high-traffic.html,0,79,0.0,15.962025316455696,
https://www.smackcoders.com/es/blog/como-instalar-cargadores-ioncube-para-varios-tipos-de-alojamiento.html,0,79,0.0,8.60759493670886,
https://www.smackcoders.com/es/documentation/wp-ultimate-csv-importer-pro/importacion-de-csv-de-woocommerce,1,77,0.0129870129870129,8.896103896103895,
https://www.smackcoders.com/documentation/wp-ultimate-csv-importer-pro/toolset-types-import,0,77,0.0,27.376623376623375,
https://www.smackcoders.com/es/blog/como-importar-archivos-csv-a-wordpress-de-manera-eficiente.html,1,74,0.0135135135135135,12.716216216216216,
https://www.smackcoders.com/ja/blog/import-export-custom-post-types-plugin-data.html,1,74,0.0135135135135135,4.486486486486486,
https://www.smackcoders.com/ja/wp-all-import-alternative.html,5,73,0.0684931506849315,10.054794520547944,
https://www.smackcoders.com/documentation/wp-ultimate-csv-importer-pro/import-business-directory-listings-in-wordpress,0,73,0.0,15.767123287671232,
https://www.smackcoders.com/documentation/wp-ultimate-csv-importer-pro/import-export-edd-downloads,0,73,0.0,10.452054794520548,
https://www.smackcoders.com/documentation/wp-ultimate-csv-importer-pro/import-export-users-with-multiple-user-roles,0,72,0.0,23.84722222222222,
https://www.smackcoders.com/es/blog/importar-paginas-a-wordpress-una-guia-util.html,0,72,0.0,5.930555555555555,
https://www.smackcoders.com/ja/documentation/wp-ultimate-csv-importer/import-wordpress-categories-and-tags,9,71,0.1267605633802817,7.605633802816901,
https://www.smackcoders.com/es/blog/tecnicas-avanzadas-para-importar-y-exportar-wordpress.html,0,71,0.0,11.52112676056338,
https://www.smackcoders.com/documentation/wp-ultimate-csv-importer-pro/the-events-calendar-import-export,0,70,0.0,7.542857142857143,
https://www.smackcoders.com/ja/wp-ultimate-csv-importer-pro.html,7,69,0.1014492753623188,11.565217391304348,
https://www.smackcoders.com/documentation/wp-ultimate-csv-importer-pro/import-events-into-wordpress,1,69,0.0144927536231884,14.144927536231885,
https://www.smackcoders.com/documentation/wp-ultimate-csv-importer-pro/custom-field-suite-import,0,69,0.0,16.405797101449274,
https://www.smackcoders.com/documentation/wp-ultimate-csv-importer-pro/import-export-jetbookings-data,0,69,0.0,16.63768115942029,
https://www.smackcoders.com/blog/add-external-urls-to-featured-images-wordpress.html#importing-bulk-external-ur-ls-to-featured-images-in-word-press-posts-pages-and-custom-posts,0,68,0.0,6.75,
https://www.smackcoders.com/blog/woocommerce-inventory-management.html,0,67,0.0,37.23880597014925,
https://www.smackcoders.com/ja,0,65,0.0,2.569230769230769,
https://www.smackcoders.com/blog/how-to-import-csv-file-in-wordpress-without-plugin.html#methods-to-import-csv-files-into-word-press-without-a-plugin,0,64,0.0,6.421875,
https://www.smackcoders.com/es/blog/ia-en-wordpress.html,0,64,0.0,17.703125,
https://www.smackcoders.com/ja/blog/wordpress-ultimate-csv-importer-csv-sample-files-and-updates.html,1,63,0.0158730158730158,5.920634920634921,
https://www.smackcoders.com/ja/blog/how-to-import-csv-file-in-wordpress.html#csv-%E3%83%95%E3%82%A1%E3%82%A4%E3%83%AB%E3%81%AE%E3%82%A4%E3%83%B3%E3%83%9D%E3%83%BC%E3%83%88%E6%96%B9%E6%B3%95,0,61,0.0,5.80327868852459,
https://www.smackcoders.com/blog/wordpress-database-optimization.html,0,60,0.0,12.166666666666666,
https://www.smackcoders.com/es/blog/importar-exportar-resenas-productos-woocommerce.html,0,60,0.0,48.95,
https://www.smackcoders.com/es/blog/importar-productos-variables-a-woocommerce-usando-ultimate-csv-importer.html,2,59,0.0338983050847457,10.152542372881356,
https://www.smackcoders.com/documentation/woocommerce-to-shopify-integration/woocommerce-to-shopify-integration-authentication-setup,0,59,0.0,18.779661016949152,
https://www.smackcoders.com/es/blog/importar-productos-de-woocommerce-con-campos-personalizados.html,0,59,0.0,12.35593220338983,
https://www.smackcoders.com/es/documentation/wp-ultimate-csv-importer-pro/importar-clientes-de-woocommerce,0,59,0.0,43.42372881355932,
https://www.smackcoders.com/ja/documentation/wp-ultimate-csv-importer/how-to-import-csv,5,58,0.0862068965517241,4.155172413793103,
https://www.smackcoders.com/ja/documentation/wp-ultimate-csv-importer/post-page-custompost-import,1,58,0.0172413793103448,6.155172413793103,
https://www.smackcoders.com/documentation/woocommerce-to-shopify-integration/woocommerce-shopify-product-sync,0,57,0.0,25.12280701754386,
https://www.smackcoders.com/es/documentation/wp-ultimate-csv-importer-pro/importar-datos-de-excel-a-wordpress,1,56,0.0178571428571428,6.571428571428571,
https://www.smackcoders.com/blog/how-to-import-csv-file-in-wordpress-without-plugin.html#steps-for-importing-csv-to-word-press-without-a-plugin,0,56,0.0,6.285714285714286,
https://www.smackcoders.com/blog/ultimate-csv-importer-pro-v8-2.html,0,56,0.0,15.125,
https://www.smackcoders.com/documentation/wp-ultimate-csv-importer-pro/import-and-export-listings-and-owners-in-wp-rentals,0,55,0.0,23.727272727272727,
https://www.smackcoders.com/documentation/wp-ultimate-csv-importer-pro/seopress-import-export,1,54,0.0185185185185185,28.27777777777778,
https://www.smackcoders.com/es/blog/como-exportar-e-importar-campos-personalizados-avanzados.html,1,54,0.0185185185185185,7.018518518518518,
https://www.smackcoders.com/documentation/wordpress-leads-builder-for-any-crm-pro/lead-builder-for-any-crm,0,54,0.0,20.296296296296298,
https://www.smackcoders.com/blog/enable-configure-wp-cron.html#mac-linux,0,53,0.0,6.69811320754717,
https://www.smackcoders.com/ja/blog/export-import-single-wordpress-post-page-product.html,0,53,0.0,15.433962264150944,
https://www.smackcoders.com/documentation/follow-up-email/follow-up-emails-plugin,0,50,0.0,11.3,
https://www.smackcoders.com/es/documentation/wp-ultimate-csv-importer-pro/importar-y-exportar-usuarios-de-wordpress,0,50,0.0,12.36,
https://www.smackcoders.com/wp-ultimate-csv-importer-pro/polylang-import-translation.html,0,50,0.0,22.24,
https://www.smackcoders.com/ja/blog/add-external-urls-to-featured-images-wordpress.html#how-to-get-featured-image-ur-ls-in-word-press-posts-pages,0,49,0.0,6.020408163265306,
https://www.smackcoders.com/es/wp-ultimate-csv-importer-pro.html,4,48,0.0833333333333333,10.708333333333334,
https://www.smackcoders.com/blog/import-yith-order-tracking-data-and-export-with-csv-importer.html,1,48,0.0208333333333333,15.875,
https://www.smackcoders.com/documentation/woocommerce-to-shopify-integration/woocommerce-to-shopify-order-sync,1,47,0.0212765957446808,20.21276595744681,
https://www.smackcoders.com/documentation/wp-ultimate-csv-importer-pro/acf-import#3-toc-title,0,46,0.0,4.782608695652174,
https://www.smackcoders.com/documentation/wp-ultimate-csv-importer-pro/import-jetreview-data-into-wordpress,0,46,0.0,15.565217391304348,
https://www.smackcoders.com/ja/documentation/wp-ultimate-csv-importer/troubleshooting-guide,1,45,0.0222222222222222,5.2,
https://www.smackcoders.com/documentation/wp-ultimate-csv-importer-pro/acf-import#1-toc-title,0,45,0.0,4.866666666666667,
https://www.smackcoders.com/blog/ai-powered-personalization-for-ecommerce.html,1,43,0.0232558139534883,84.93023255813954,
https://www.smackcoders.com/es/blog/funciones-avanzadas-de-polylang-para-sitios-web-multilingues.html,1,43,0.0232558139534883,12.534883720930232,
https://www.smackcoders.com/documentation/wp-ultimate-csv-importer-pro/meta-box-custom-field-cloneable,0,43,0.0,17.790697674418606,
https://www.smackcoders.com/ja/blog/ai-in-wordpress.html,1,42,0.0238095238095238,22.404761904761905,
https://www.smackcoders.com/blog/wordpress-popup-builders.html,0,42,0.0,31.952380952380956,
https://www.smackcoders.com/blog/essential-steps-to-launch-a-wordpress-site-the-right-way.html,0,41,0.0,38.90243902439025,
https://www.smackcoders.com/ja/documentation/wp-ultimate-csv-importer/import-export-user-members,1,40,0.025,13.9,
https://www.smackcoders.com/blog/enable-configure-wp-cron.html#is-word-press-cron-enabled-how-to-enable-word-press-cron,0,40,0.0,6.325,
https://www.smackcoders.com/documentation/wp-ultimate-csv-importer-pro/acf-import#0-toc-title,0,40,0.0,5.05,
https://www.smackcoders.com/documentation/wp-ultimate-csv-importer-pro/import-export-acpt-fields-in-wordpress,0,40,0.0,12.175,
https://www.smackcoders.com/ja/documentation/wp-ultimate-csv-importer/rankmath-data-import-and-export,0,40,0.0,10.3,
https://www.smackcoders.com/woocommerce-to-shopify-sync-pro.html,0,40,0.0,15.7,
https://www.smackcoders.com/ja/blog/how-to-export-wordpress-users.html,6,39,0.1538461538461538,6.666666666666667,
https://www.smackcoders.com/blog/enable-configure-wp-cron.html#word-press-cron-job-or-wp-cron-not-working,0,39,0.0,6.897435897435898,
https://www.smackcoders.com/es/documentation/wp-ultimate-csv-importer-pro/importar-y-exportar-resenas-de-woocommerce,0,39,0.0,62.61538461538461,
https://www.smackcoders.com/wp-ultimate-csv-importer-pro/import-meta-box-fields.html,0,39,0.0,21.76923076923077,
https://www.smackcoders.com/es/documentation/wp-exportador-definitivo/introduccion-exportador-definitivo,0,38,0.0,14.447368421052632,
https://www.smackcoders.com/es/documentation/wp-ultimate-csv-importer-pro/importar-imagenes-en-wordpress,0,38,0.0,8.31578947368421,
https://www.smackcoders.com/ja/blog/add-external-urls-to-featured-images-wordpress.html#install-word-press-featured-image-from-url-fifu-plugin,0,38,0.0,5.421052631578948,
https://www.smackcoders.com/ja/blog/how-to-import-csv-file-in-wordpress.html#csv%E3%83%95%E3%82%A1%E3%82%A4%E3%83%AB%E3%81%A8-word-press%E3%81%AE%E7%B4%B9%E4%BB%8B,0,38,0.0,6.078947368421052,
https://www.smackcoders.com/es/documentation/wp-ultimate-csv-importer-pro/importar-categorias-y-etiquetas-de-wordpress,2,37,0.054054054054054,5.108108108108108,
https://www.smackcoders.com/ja/documentation/wp-ultimate-csv-importer/import-images-into-wordpress,2,37,0.054054054054054,4.243243243243244,
https://www.smackcoders.com/blog/a-guide-to-wordpress-caching.html,0,37,0.0,17.72972972972973,
https://www.smackcoders.com/documentation/wp-ultimate-csv-importer-pro/seo-import,0,37,0.0,32.270270270270274,
https://www.smackcoders.com/es/documentation/wp-ultimate-csv-importer-pro/introduccion-al-plugin-de-wordpress-ultimate-csv-xml-importer,0,37,0.0,15.054054054054054,
https://www.smackcoders.com/es/blog/video-marketing-de-comercio-electronico.html,0,35,0.0,42.85714285714285,
https://www.smackcoders.com/wp-ultimate-csv-importer-pro/toolset-types-import.html,1,34,0.0294117647058823,16.852941176470587,
https://www.smackcoders.com/documentation/woocommerce-to-shopify-integration/woocommerce-to-shopify-sync-faq,0,34,0.0,25.705882352941178,
https://www.smackcoders.com/ja/documentation/wp-ultimate-csv-importer/how-to-import-variable-products-in-woocommerce,0,34,0.0,4.735294117647059,
https://www.smackcoders.com/crocoblock-deals.html,0,33,0.0,12.12121212121212,
https://www.smackcoders.com/es/blog/exportar-importar-una-sola-publicacion.html,1,32,0.03125,18.15625,
https://www.smackcoders.com/ja/documentation/wp-ultimate-csv-importer/import-and-export-wordpress-users,1,32,0.03125,6.53125,
https://www.smackcoders.com/documentation/wp-ultimate-csv-importer-pro/import-wordpress-categories-and-tags#2-toc-title,0,32,0.0,7.75,
https://www.smackcoders.com/ja/documentation/wp-ultimate-csv-importer/polylang-multilingual-content-import-export,1,31,0.032258064516129,7.967741935483871,
https://www.smackcoders.com/blog/import-export-custom-post-types-plugin-data.html#about-the-custom-post-types-plugin,0,31,0.0,8.70967741935484,
https://www.smackcoders.com/blog/import-export-custom-post-types-plugin-data.html#importing-custom-post-type-data,0,31,0.0,8.70967741935484,
https://www.smackcoders.com/es/blog/como-exportar-usuarios-de-wordpress-una-guia-paso-a-paso.html,0,30,0.0,15.0,
https://www.smackcoders.com/ja/documentation/wp-ultimate-csv-importer/meta-box-custom-field-cloneable,0,30,0.0,8.733333333333334,
https://www.smackcoders.com/ja/documentation/wp-ultimate-csv-importer/import-data-from-excel-to-wordpress,2,29,0.0689655172413793,6.0,
https://www.smackcoders.com/blog/create-and-import-custom-post-types-in-wordpress.html#ultimate-csv-importer-word-press-import-csv-to-custom-post-types,0,29,0.0,8.310344827586206,
https://www.smackcoders.com/blog/ai-wordpress-security.html,1,28,0.0357142857142857,12.714285714285714,
https://www.smackcoders.com/blog/update-outdated-wordpress-plugins-data.html,0,28,0.0,17.857142857142858,
https://www.smackcoders.com/es/documentation/wp-ultimate-csv-importer-pro/importar-exportar-miembros-de-usuario,0,28,0.0,15.0,
https://www.smackcoders.com/documentation/wp-ultimate-csv-importer-pro/bbpress-import-and-update,1,27,0.037037037037037,35.96296296296296,
https://www.smackcoders.com/blog/create-and-import-custom-post-types-in-wordpress.html#what-is-custom-post-type-in-word-press,0,27,0.0,8.222222222222221,
https://www.smackcoders.com/blog/enable-configure-wp-cron.html#hooking-wp-cron-in-the-task-scheduler,0,27,0.0,6.962962962962963,
https://www.smackcoders.com/blog/how-to-add-a-free-wordpress-contact-form.html,0,27,0.0,48.0,
https://www.smackcoders.com/ja/blog/pre-orders-and-backorders-in-woocommerce.html,0,27,0.0,3.703703703703704,
https://www.smackcoders.com/blog/add-external-urls-to-featured-images-wordpress.html#word-press-set-featured-images-from-url-programmatically,0,26,0.0,7.269230769230769,
https://www.smackcoders.com/documentation/wp-ultimate-csv-importer-pro/import-export-edd-orders,0,26,0.0,16.307692307692307,
https://www.smackcoders.com/es/blog/exportar-pedidos-de-woocommerce-a-hojas-de-calculo-de-google.html,0,26,0.0,37.84615384615385,
https://www.smackcoders.com/ja/blog/import-export-custom-post-types-plugin-data.html#importing-custom-post-type-data,0,26,0.0,5.923076923076923,
https://www.smackcoders.com/ja/documentation/wp-ultimate-csv-importer/import-and-export-nextgen-gallery-images,1,25,0.04,8.24,
https://www.smackcoders.com/ja/blog/add-external-urls-to-featured-images-wordpress.html#how-to-hide-featured-images-in-word-press-posts-and-pages,0,25,0.0,5.68,
https://www.smackcoders.com/ja/documentation/wp-ultimate-csv-importer/how-to-import-csv#0-toc-title,0,25,0.0,4.0,
https://www.smackcoders.com/ja/documentation/wp-ultimate-csv-importer/how-to-import-csv#2-toc-title,0,25,0.0,4.0,
https://www.smackcoders.com/es/documentation/wp-ultimate-csv-importer-pro/importar-y-exportar-datos-lms-en-wordpress,1,24,0.0416666666666666,8.291666666666668,
https://www.smackcoders.com/documentation/wp-ultimate-csv-importer-pro/import-and-export-nextgen-gallery-images#0-toc-title,0,24,0.0,6.416666666666667,
https://www.smackcoders.com/documentation/wp-ultimate-csv-importer-pro/import-and-export-nextgen-gallery-images#1-toc-title,0,24,0.0,6.416666666666667,
https://www.smackcoders.com/documentation/wp-ultimate-csv-importer-pro/import-and-export-nextgen-gallery-images#2-toc-title,0,24,0.0,6.416666666666667,
https://www.smackcoders.com/documentation/wp-ultimate-csv-importer-pro/import-export-edd-customers,0,24,0.0,13.125,
https://www.smackcoders.com/ja/blog/add-external-urls-to-featured-images-wordpress.html#how-to-extract-fifu-featured-images-and-alt-text-data-from-word-press,0,24,0.0,5.541666666666667,
https://www.smackcoders.com/ja/blog/export-import-advanced-custom-fields-csv-wordpress.html#acf-field-types-explained,0,24,0.0,4.791666666666666,
https://www.smackcoders.com/ja/blog/export-import-advanced-custom-fields-csv-wordpress.html#export-import-of-advanced-custom-fields-data-from-csv,0,24,0.0,4.791666666666666,
https://www.smackcoders.com/terms-and-conditions.html,0,24,0.0,8.166666666666668,
https://www.smackcoders.com/documentation/wp-ultimate-csv-importer-pro/import-export-edd-discounts,0,23,0.0,22.130434782608692,
https://www.smackcoders.com/es/documentation/wp-ultimate-csv-importer-pro/guia-de-solucion-de-problemas,0,23,0.0,5.434782608695652,
https://www.smackcoders.com/es/documentation/wp-ultimate-csv-importer-pro/importacion-de-datos-de-motores-a-reaccion,0,23,0.0,9.478260869565217,
https://www.smackcoders.com/documentation/wp-ultimate-csv-importer-pro/import-wordpress-categories-and-tags#1-toc-title,0,22,0.0,7.090909090909091,
https://www.smackcoders.com/documentation/wp-ultimate-csv-importer-pro/import-wordpress-categories-and-tags#3-toc-title,0,22,0.0,7.090909090909091,
https://www.smackcoders.com/documentation/wp-ultimate-exporter/wordpress-exporter-guide,0,22,0.0,14.454545454545457,
https://www.smackcoders.com/ja/blog/enable-configure-wp-cron.html#mac-linux,0,22,0.0,5.909090909090909,
https://www.smackcoders.com/ja/documentation/wp-ultimate-csv-importer/acf-import#0-toc-title,0,22,0.0,5.227272727272728,
https://www.smackcoders.com/documentation/wp-ultimate-csv-importer-pro/let-clients-export-wordpress-data,0,21,0.0,14.047619047619047,
https://www.smackcoders.com/es/blog/acelera-tu-sitio-web-de-wordpress.html,0,21,0.0,62.47619047619048,
https://www.smackcoders.com/ja/blog/enable-configure-wp-cron.html#word-press-cron-job-or-wp-cron-not-working,0,21,0.0,5.809523809523809,
https://www.smackcoders.com/ja/blog/how-to-export-wordpress-users.html#word-press%E3%83%A6%E3%83%BC%E3%82%B6%E3%83%BC%E3%82%92%E3%82%A8%E3%82%AF%E3%82%B9%E3%83%9D%E3%83%BC%E3%83%88%E3%81%99%E3%82%8B%E6%96%B9%E6%B3%95,0,21,0.0,5.761904761904762,
https://www.smackcoders.com/documentation/wp-ultimate-csv-importer-pro/advanced-import-filters,0,20,0.0,16.1,
https://www.smackcoders.com/documentation/wp-ultimate-csv-importer-pro/import-images-into-wordpress#0-toc-title,0,20,0.0,6.3,
https://www.smackcoders.com/documentation/wp-ultimate-csv-importer-pro/import-images-into-wordpress#1-toc-title,0,20,0.0,6.3,
https://www.smackcoders.com/es/creador-de-leads-de-wordpress-para-cualquier-crm.html,0,20,0.0,26.35,
https://www.smackcoders.com/ja/blog/advanced-techniques-for-wordpress-import-and-export.html#word-press%E3%82%A4%E3%83%B3%E3%83%9D%E3%83%BC%E3%83%88-%E3%82%A8%E3%82%AF%E3%82%B9%E3%83%9D%E3%83%BC%E3%83%88-%E3%83%97%E3%83%A9%E3%82%B0%E3%82%A4%E3%83%B3,0,20,0.0,8.85,
https://www.smackcoders.com/ja/blog/how-to-export-wordpress-users.html#4-%E7%AC%AC%E4%B8%89%E8%80%85%E3%82%B5%E3%83%BC%E3%83%93%E3%82%B9,0,20,0.0,5.8,
https://www.smackcoders.com/ja/blog/how-to-export-wordpress-users.html#wp-ultimate-csv-importer%E3%83%97%E3%83%A9%E3%82%B0%E3%82%A4%E3%83%B3%E3%82%92%E4%BD%BF%E7%94%A8%E3%81%97%E3%81%A6-word-press%E3%83%A6%E3%83%BC%E3%82%B6%E3%83%BC%E3%82%92%E3%82%A8%E3%82%AF%E3%82%B9%E3%83%9D%E3%83%BC%E3%83%88%E3%81%99%E3%82%8B%E6%96%B9%E6%B3%95,0,20,0.0,5.8,
https://www.smackcoders.com/ja/blog/import-export-custom-post-types-plugin-data.html#about-the-custom-post-types-plugin,0,20,0.0,5.65,
https://www.smackcoders.com/ja/documentation/wp-ultimate-csv-importer/acf-import#3-toc-title,0,20,0.0,5.45,
https://www.smackcoders.com/documentation/woocommerce-to-shopify-integration/w2s-pro-features,5,19,0.2631578947368421,18.57894736842105,
https://www.smackcoders.com/ja/blog/import-woocommerce-products-with-custom-fields.html,3,19,0.1578947368421052,3.684210526315789,
https://www.smackcoders.com/aio-wp-media-library-manager.html,1,19,0.0526315789473684,18.473684210526315,
https://www.smackcoders.com/es/documentation/wp-ultimate-csv-importer-pro/importar-pedidos-de-woocommerce,1,19,0.0526315789473684,8.105263157894736,
https://www.smackcoders.com/blog/voice-search-optimization.html,0,19,0.0,52.1578947368421,
https://www.smackcoders.com/documentation/wordpress-leads-builder-for-any-crm-pro/e-commerce-integration,0,19,0.0,14.894736842105264,
https://www.smackcoders.com/documentation/wp-ultimate-csv-importer-pro/jet-engine-data-import#0-toc-title,0,19,0.0,7.421052631578948,
https://www.smackcoders.com/documentation/wp-ultimate-csv-importer-pro/jet-engine-data-import#3-toc-title,0,19,0.0,7.421052631578948,
https://www.smackcoders.com/es/blog/personalizacion-impulsada-por-ia.html,0,19,0.0,7.631578947368421,
https://www.smackcoders.com/ja/documentation/wp-ultimate-csv-importer/import-wordpress-categories-and-tags#0-toc-title,0,19,0.0,4.842105263157895,
https://www.smackcoders.com/blog/import-export-gravity-forms-entries.html#preparing-your-gravity-forms-entries-for-import,0,18,0.0,8.5,
https://www.smackcoders.com/documentation/wp-ultimate-csv-importer-pro/chatgpt-integration,0,18,0.0,22.72222222222222,
https://www.smackcoders.com/es/documentation/wp-ultimate-csv-importer-pro/importacion-de-datos-de-learnpress,0,18,0.0,14.88888888888889,
https://www.smackcoders.com/ja/blog/advanced-techniques-for-wordpress-import-and-export.html#%E3%82%BB%E3%83%AB%E3%83%95%E3%83%9B%E3%82%B9%E3%83%86%E3%82%A3%E3%83%B3%E3%82%B0%E3%81%AE-word-press-%E3%82%B5%E3%82%A4%E3%83%88-%E3%82%B3%E3%83%B3%E3%83%86%E3%83%B3%E3%83%84%E3%81%AE%E3%82%A8%E3%82%AF%E3%82%B9%E3%83%9D%E3%83%BC%E3%83%88,0,18,0.0,8.666666666666668,
https://www.smackcoders.com/ja/blog/advanced-techniques-for-wordpress-import-and-export.html#%E5%90%84%E3%83%97%E3%83%A9%E3%82%B0%E3%82%A4%E3%83%B3%E3%81%AE%E9%95%B7%E6%89%80%E3%81%A8%E7%9F%AD%E6%89%80,0,18,0.0,8.666666666666668,
https://www.smackcoders.com/ja/documentation/wp-ultimate-csv-importer/what-is-elementor-import-export,4,17,0.2352941176470588,4.764705882352941,
https://www.smackcoders.com/blog/import-export-gravity-forms-entries.html#step-by-step-guide-to-import-gravity-forms-entries,0,17,0.0,8.470588235294118,
https://www.smackcoders.com/documentation/easy-inventory/easy-inventory-and-stock-manager,0,17,0.0,12.882352941176473,
https://www.smackcoders.com/ja/documentation/wp-ultimate-csv-importer/metabox-import-export,0,17,0.0,8.294117647058822,
https://www.smackcoders.com/blog/ultimate-csv-importer-8-6-wp-rentals-serialized.html,1,16,0.0625,25.5625,
https://www.smackcoders.com/blog/how-to-import-csv-file-in-wordpress-without-plugin.html#wp-cli-for-advanced-users,0,16,0.0,8.8125,
https://www.smackcoders.com/blog/woocommerce-vs-magento-pros-and-cons.html,0,16,0.0,45.75,
https://www.smackcoders.com/es/documentation/wp-ultimate-csv-importer-pro/importacion-y-actualizacion-avanzada-de-campos-personalizados,0,16,0.0,10.4375,
https://www.smackcoders.com/ja/blog/import-and-export-woocommerce-customers.html,0,16,0.0,7.625,
https://www.smackcoders.com/es/wp-ultimate-csv-importer-pro/importar-campos-personalizados-acf-desde-csv.html,1,15,0.0666666666666666,18.4,
https://www.smackcoders.com/blog/reduce-page-load-time-on-high-content-sites.html,0,15,0.0,29.4,
https://www.smackcoders.com/ja/blog/how-to-import-csv-file-in-wordpress.html#%E3%83%88%E3%83%A9%E3%83%96%E3%83%AB%E3%82%B7%E3%83%A5%E3%83%BC%E3%83%86%E3%82%A3%E3%83%B3%E3%82%B0%E3%81%A8%E4%B8%80%E8%88%AC%E7%9A%84%E3%81%AA%E5%95%8F%E9%A1%8C,0,15,0.0,6.0,
https://www.smackcoders.com/ja/documentation/wp-ultimate-csv-importer/jet-engine-data-import,0,15,0.0,6.8,
https://www.smackcoders.com/privacy-policy.html,0,15,0.0,11.866666666666667,
https://www.smackcoders.com/blog/security-fix-for-wp-ultimate-csv-importer.html,1,14,0.0714285714285714,8.142857142857142,
https://www.smackcoders.com/blog/export-import-advanced-custom-fields-csv-wordpress.html#wp-ultimate-csv-importer-pro,0,14,0.0,9.142857142857142,
https://www.smackcoders.com/blog/how-to-export-wordpress-users.html#4-third-party-services,0,14,0.0,8.428571428571429,
https://www.smackcoders.com/blog/how-to-export-wordpress-users.html#how-to-export-word-press-users-with-wp-ultimate-csv-importer-plugin,0,14,0.0,8.428571428571429,
https://www.smackcoders.com/blog/how-to-export-wordpress-users.html#methods-to-export-word-press-users,0,14,0.0,8.428571428571429,
https://www.smackcoders.com/blog/woocommerce-maintenance-tasks.html,0,14,0.0,5.5,
https://www.smackcoders.com/blog/wp-query-ultimate-csv-importer-pro.html,0,14,0.0,21.642857142857142,
https://www.smackcoders.com/es/wp-ultimate-csv-importer-pro/importar-productos-de-woocommerce.html,0,14,0.0,29.571428571428573,
https://www.smackcoders.com/blog/advanced-techniques-for-wordpress-import-and-export.html#word-press-import-export-plugins,0,13,0.0,6.923076923076923,
https://www.smackcoders.com/blog/wordpress-admin-productivity-hacks.html,0,13,0.0,19.76923076923077,
https://www.smackcoders.com/documentation/woocommerce-to-shopify-integration/woocommerce-to-shopify-customer-sync,0,13,0.0,23.923076923076923,
https://www.smackcoders.com/es/blog/tecnicas-avanzadas-para-importar-y-exportar-wordpress.html#plugins-de-importacion-exportacion-en-word-press,0,13,0.0,7.6923076923076925,
https://www.smackcoders.com/es/documentation/wp-ultimate-csv-importer-pro/que-es-elementor-import-export,0,13,0.0,9.307692307692308,
https://www.smackcoders.com/ja/blog/enable-configure-wp-cron.html#hooking-wp-cron-in-the-task-scheduler,0,13,0.0,6.0,
https://www.smackcoders.com/ja/documentation/wp-ultimate-csv-importer/import-and-export-woocommerce-reviews,0,13,0.0,21.46153846153846,
https://www.smackcoders.com/ja/documentation/wp-ultimate-csv-importer/woocommerces,0,13,0.0,8.0,
https://www.smackcoders.com/ja/documentation/wp-ultimate-exporter/wordpress-exporter-guide#0-toc-title,0,13,0.0,8.384615384615385,
https://www.smackcoders.com/ja/blog/export-woocommerce-orders-to-google-sheets.html,1,12,0.0833333333333333,7.75,
https://www.smackcoders.com/blog/ecommerce-video-marketing.html,0,12,0.0,23.166666666666668,
https://www.smackcoders.com/blog/export-import-single-wordpress-post-page-product.html#exciting-enhancements-in-wp-ultimate-csv-importer-pro-8-1,0,12,0.0,9.166666666666666,
https://www.smackcoders.com/blog/wp-ultimate-csv-importer-8-8-ai-preview-validation.html,0,12,0.0,10.916666666666666,
https://www.smackcoders.com/documentation/wp-ultimate-csv-importer-pro/migrate-wordpress-and-woocommerce-data,0,12,0.0,27.25,
https://www.smackcoders.com/es/blog/como-habilitar-y-configurar-wp-cron.html#mac-linux,0,12,0.0,5.75,
https://www.smackcoders.com/es/blog/como-habilitar-y-configurar-wp-cron.html#word-press-cron-job-or-wp-cron-not-working,0,12,0.0,5.75,
https://www.smackcoders.com/ja/blog/how-to-import-csv-file-in-wordpress-without-plugin.html,0,12,0.0,7.416666666666667,
https://www.smackcoders.com/ja/easy-inventory-and-stock-manager-for-woocommerce.html,0,12,0.0,8.25,
https://www.smackcoders.com/blog/advanced-techniques-for-wordpress-import-and-export.html#exporting-your-self-hosted-word-press-website-content,0,11,0.0,6.181818181818182,
https://www.smackcoders.com/blog/export-import-single-wordpress-post-page-product.html#key-benefits-of-this-feature,0,11,0.0,9.0,
https://www.smackcoders.com/blog/polylang-import-translation-guide.html#how-to-import-posts-and-pages-in-polylang-translation,0,11,0.0,8.0,
https://www.smackcoders.com/documentation/wp-ultimate-csv-importer-pro/import-wordpress-categories-and-tags#0-toc-title,0,11,0.0,8.727272727272727,
https://www.smackcoders.com/es/blog/como-crear-e-importar-tipos-de-publicaciones-personalizadas-en-wordpress.html,0,11,0.0,6.454545454545454,
https://www.smackcoders.com/es/blog/como-instalar-wamp-y-xampp.html#por-que-xampp-y-wamp-son-esenciales-para-los-usuarios-importadores-de-csv,0,11,0.0,4.909090909090909,
https://www.smackcoders.com/es/blog/como-instalar-wamp-y-xampp.html#servidor-xampp,0,11,0.0,4.909090909090909,
https://www.smackcoders.com/es/blog/tecnicas-avanzadas-para-importar-y-exportar-wordpress.html#importacion-de-datos-de-word-press-a-un-nuevo-servidor,0,11,0.0,7.545454545454546,
https://www.smackcoders.com/es/documentation/wp-ultimate-csv-importer-pro/meta-box-campos-personalizados-importacion-de-datos-exportacion,0,11,0.0,13.454545454545457,
https://www.smackcoders.com/ja/documentation/wp-ultimate-csv-importer/import-images-into-wordpress#1-toc-title,0,11,0.0,3.727272727272727,
https://www.smackcoders.com/ja/wp-ultimate-csv-importer-pro/features.html,0,11,0.0,5.363636363636363,
https://www.smackcoders.com/blog/how-to-import-csv-file-in-wordpress-without-plugin.html#importing-different-data-types-without-a-plugin,0,10,0.0,5.5,
https://www.smackcoders.com/blog/wordpress-backup-restore-strategy.html,0,10,0.0,16.5,
https://www.smackcoders.com/documentation/wp-ultimate-csv-importer,0,10,0.0,10.2,
https://www.smackcoders.com/documentation/wp-ultimate-csv-importer-pro/iteration-based-import,0,10,0.0,9.3,
https://www.smackcoders.com/es/blog/como-importar-archivos-csv-a-wordpress-de-manera-eficiente.html#introduction-to-csv-files-and-word-press,0,10,0.0,4.3,
https://www.smackcoders.com/es/documentation/wp-ultimate-csv-importer-pro/exportacion-de-wordpress-importar-una-sola-pagina,0,10,0.0,26.2,
https://www.smackcoders.com/ja/blog/enable-configure-wp-cron.html#is-word-press-cron-enabled-how-to-enable-word-press-cron,0,10,0.0,5.8,
https://www.smackcoders.com/ja/wp-ultimate-csv-importer-pro/import-acf-custom-fields-from-csv.html,0,10,0.0,24.3,
https://www.smackcoders.com/ja/documentation/wp-ultimate-csv-importer/seo-import,1,9,0.1111111111111111,16.555555555555557,
https://www.smackcoders.com/blog/best-woocommerce-affiliate-plugins.html#10-best-woo-commerce-affiliate-plugins-2025,0,9,0.0,9.88888888888889,
https://www.smackcoders.com/blog/best-woocommerce-affiliate-plugins.html#benefits-of-running-an-affiliate-program-for-woo-commerce-stores,0,9,0.0,9.88888888888889,
https://www.smackcoders.com/blog/best-woocommerce-affiliate-plugins.html#maximize-your-woo-commerce-affiliate-programs-success,0,9,0.0,9.88888888888889,
https://www.smackcoders.com/blog/monthly-wordpress-maintenance-checklist.html,0,9,0.0,17.444444444444443,
https://www.smackcoders.com/blog/onc-click-import-and-migrate-wordpress.html,0,9,0.0,24.33333333333333,
https://www.smackcoders.com/documentation/wordpress-leads-builder-for-any-crm-pro/faq-leads-builder,0,9,0.0,16.11111111111111,
https://www.smackcoders.com/es/blog/como-importar-archivos-csv-a-wordpress-de-manera-eficiente.html#enhancing-csv-file-imports,0,9,0.0,4.777777777777778,
https://www.smackcoders.com/es/blog/tecnicas-avanzadas-para-importar-y-exportar-wordpress.html#exportacion-de-contenido-de-tu-sitio-de-word-press-autohospedado,0,9,0.0,8.555555555555555,
https://www.smackcoders.com/es/wp-ultimate-csv-importer-pro/caracteristicas.html,0,9,0.0,28.55555555555556,
https://www.smackcoders.com/ja/documentation/wp-ultimate-csv-importer/custom-field-suite-import,0,9,0.0,7.222222222222222,
https://www.smackcoders.com/ja/documentation/wp-ultimate-csv-importer/import-images-into-wordpress#0-toc-title,0,9,0.0,3.7777777777777777,
https://www.smackcoders.com/es/alternativa-de-importacion-de-wp-all.html,1,8,0.125,29.625,
https://www.smackcoders.com/blog/how-to-restore-wordpress-site-from-backup.html#points-to-be-remembered-before-importing-a-word-press-site-from-the-backup,0,8,0.0,9.0,
https://www.smackcoders.com/documentation/woocommerce-to-shopify-integration/w2s-sync-configuration,0,8,0.0,23.875,
https://www.smackcoders.com/es/administrador-facil-de-inventario-y-stock-para-woocommerce.html,0,8,0.0,30.875,
https://www.smackcoders.com/es/blog/como-importar-archivos-csv-a-wordpress-de-manera-eficiente.html#methods-for-importing-csv-files,0,8,0.0,4.125,
https://www.smackcoders.com/es/blog/como-instalar-wamp-y-xampp.html#procedimiento-de-instalacion,0,8,0.0,4.75,
https://www.smackcoders.com/ja/documentation/wp-ultimate-csv-importer/bbpress-import-and-update,0,8,0.0,13.625,
https://www.smackcoders.com/ja/documentation/wp-ultimate-csv-importer/how-to-import-schedule-or-update,0,8,0.0,8.5,
https://www.smackcoders.com/ja/documentation/wp-ultimate-csv-importer/import-wordpress-categories-and-tags#1-toc-title,0,8,0.0,5.625,
https://www.smackcoders.com/blog/avoid-common-woocommerce-store-mistakes.html,0,7,0.0,19.714285714285715,
https://www.smackcoders.com/documentation/wp-ultimate-csv-importer-pro/how-to-import-schedule-or-update#0-toc-title,0,7,0.0,4.142857142857142,
https://www.smackcoders.com/documentation/wp-ultimate-csv-importer-pro/how-to-import-schedule-or-update#3-toc-title,0,7,0.0,4.142857142857142,
https://www.smackcoders.com/documentation/wp-ultimate-csv-importer-pro/how-to-import-variable-products-in-woocommerce#0-toc-title,0,7,0.0,9.714285714285714,
https://www.smackcoders.com/documentation/wp-ultimate-csv-importer-pro/how-to-import-variable-products-in-woocommerce#2-toc-title,0,7,0.0,9.714285714285714,
https://www.smackcoders.com/es/blog/como-habilitar-y-configurar-wp-cron.html#is-word-press-cron-enabled-how-to-enable-word-press-cron,0,7,0.0,6.571428571428571,
https://www.smackcoders.com/es/blog/como-instalar-wamp-y-xampp.html#pasos-para-importar-un-importador-de-csv,0,7,0.0,4.571428571428571,
https://www.smackcoders.com/es/documentation/wp-ultimate-csv-importer-pro/importacion-y-exportacion-de-datos-de-rankmath,0,7,0.0,23.714285714285715,
https://www.smackcoders.com/ja/blog/import-export-custom-post-types-plugin-data.html#step-by-step-guide-to-importing,0,7,0.0,6.714285714285714,
https://www.smackcoders.com/ja/documentation/wp-ultimate-csv-importer/import-serialized-fields-data,0,7,0.0,11.428571428571429,
https://www.smackcoders.com/ja/documentation/wp-ultimate-exporter/wordpress-exporter-guide#1-toc-title,0,7,0.0,8.571428571428571,
https://www.smackcoders.com/ja/documentation/wp-ultimate-exporter/wordpress-exporter-guide#3-toc-title,0,7,0.0,9.0,
https://www.smackcoders.com/ja/wp-ultimate-csv-importer-pro/import-wpml-multilingual-content.html,0,7,0.0,21.857142857142858,
https://www.smackcoders.com/shop,0,7,0.0,5.0,
https://www.smackcoders.com/blog/how-to-restore-wordpress-site-from-backup.html#import-your-word-press-website-files,0,6,0.0,8.5,
https://www.smackcoders.com/blog/how-to-restore-wordpress-site-from-backup.html#modern-backup-tools-recommended-plugins,0,6,0.0,8.5,
https://www.smackcoders.com/blog/introducing-wp-ultimate-csv-importer-8-11.html,0,6,0.0,16.166666666666664,
https://www.smackcoders.com/blog/polylang-import-translation-guide.html#how-to-import-polylang-translated-content-in-your-multilingual-websites,0,6,0.0,7.666666666666667,
https://www.smackcoders.com/blog/polylang-import-translation-guide.html#how-to-prepare-a-csv-to-import-the-content-of-polylang-translations,0,6,0.0,7.666666666666667,
https://www.smackcoders.com/blog/wp-ultimate-csv-importer-8-7-update.html,0,6,0.0,11.5,
https://www.smackcoders.com/documentation/wp-ultimate-csv-importer-pro/how-to-import-schedule-or-update#1-toc-title,0,6,0.0,4.5,
https://www.smackcoders.com/es/blog/como-habilitar-y-configurar-wp-cron.html#hooking-wp-cron-in-the-task-scheduler,0,6,0.0,4.833333333333334,
https://www.smackcoders.com/es/blog/como-importar-archivos-csv-a-wordpress-de-manera-eficiente.html#troubleshooting-and-common-issues,0,6,0.0,3.8333333333333335,
https://www.smackcoders.com/es/documentation/wp-ultimate-csv-importer-pro/importar-exportar-datos-de-jetbookings,0,6,0.0,8.0,
https://www.smackcoders.com/es/documentation/wp-ultimate-csv-importer-pro/importar-y-exportar-imagenes-de-la-galeria-nextgen,0,6,0.0,16.333333333333336,
https://www.smackcoders.com/es/documentation/wp-ultimate-csv-importer-pro/importar-y-exportar-listados-y-propietarios-en-wp-rentals,0,6,0.0,22.0,
https://www.smackcoders.com/ja/blog/social-media-marketing-for-small-businesses.html,0,6,0.0,9.333333333333334,
https://www.smackcoders.com/ja/documentation/wp-ultimate-csv-importer/import-wordpress-categories-and-tags#4-toc-title,0,6,0.0,4.0,
https://www.smackcoders.com/ja/documentation/wp-ultimate-csv-importer/import-wordpress-categories-and-tags#6-toc-title,0,6,0.0,5.5,
https://www.smackcoders.com/ja/wp-leads-builder-any-crm-pro.html,0,6,0.0,40.66666666666666,
https://www.smackcoders.com/refund-policy.html,0,6,0.0,7.666666666666667,
https://www.smackcoders.com/blog/create-an-online-store-with-wordpress.html,0,5,0.0,6.8,
https://www.smackcoders.com/blog/mastering-wpml-language-localization.html#how-to-change-the-original-language-in-wpml,0,5,0.0,10.4,
https://www.smackcoders.com/blog/speed-up-your-wordpress-website.html#tip-1-choose-a-fast-and-lightweight-theme,0,5,0.0,3.0,
https://www.smackcoders.com/blog/speed-up-your-wordpress-website.html#tip-3-optimize-images,0,5,0.0,3.0,
https://www.smackcoders.com/blog/speed-up-your-wordpress-website.html#tip-4-enable-lazy-loading,0,5,0.0,3.0,
https://www.smackcoders.com/blog/wp-ultimate-csv-importer-pro-price-update.html,0,5,0.0,10.0,
https://www.smackcoders.com/es/blog/tecnicas-avanzadas-para-importar-y-exportar-wordpress.html#tecnicas-avanzadas-y-mejores-practicas,0,5,0.0,8.8,
https://www.smackcoders.com/es/wp-ultimate-csv-importer-pro/importar-contenido-multilingue-de-wpml.html,0,5,0.0,51.2,
https://www.smackcoders.com/ja/blog/how-to-import-page-to-wordpress.html#common-scenarios-and-methods-to-import-pages-into-word-press,0,5,0.0,7.8,
https://www.smackcoders.com/ja/blog/how-to-import-page-to-wordpress.html#how-to-import-a-page-from-another-website-in-word-press,0,5,0.0,7.8,
https://www.smackcoders.com/ja/blog/how-to-import-page-to-wordpress.html#types-of-pages-you-can-import,0,5,0.0,7.8,
https://www.smackcoders.com/ja/blog/how-to-import-page-to-wordpress.html#why-import-pages-into-word-press,0,5,0.0,7.8,
https://www.smackcoders.com/ja/documentation/wp-ultimate-csv-importer/import-export-jetbookings-data,0,5,0.0,15.8,
https://www.smackcoders.com/ja/documentation/wp-ultimate-csv-importer/import-export-users-with-multiple-user-roles,0,5,0.0,7.4,
https://www.smackcoders.com/ja/wp-ultimate-csv-importer-pro/jetengine-cct-import.html,0,5,0.0,6.0,
https://www.smackcoders.com/ja/documentation/wp-ultimate-csv-importer/migrate-wordpress-and-woocommerce-data,1,4,0.25,6.75,
https://www.smackcoders.com/blog/add-external-urls-to-featured-images-wordpress.html#frequently-asked-questions,0,4,0.0,7.5,
https://www.smackcoders.com/blog/how-to-import-csv-file-in-wordpress-without-plugin.html#when-and-why-to-import-cs-vs-without-plugins,0,4,0.0,5.0,
https://www.smackcoders.com/blog/how-to-restore-wordpress-site-from-backup.html#restore-word-press-site-the-benefits,0,4,0.0,10.0,
https://www.smackcoders.com/blog/mastering-wpml-language-localization.html#how-to-change-flags-in-wpml,0,4,0.0,10.25,
https://www.smackcoders.com/documentation/woocommerce-to-shopify-integration/woocommerce-to-shopify-field-mapping,0,4,0.0,3.25,
https://www.smackcoders.com/documentation/wp-ultimate-csv-importer-pro/acf-import#2-toc-title,0,4,0.0,3.5,
https://www.smackcoders.com/es/blog/como-exportar-usuarios-de-wordpress-una-guia-paso-a-paso.html#2-uso-del-comando-wp-cli,0,4,0.0,6.5,
https://www.smackcoders.com/es/blog/como-exportar-usuarios-de-wordpress-una-guia-paso-a-paso.html#como-exportar-usuarios-de-word-press-con-el-plugin-wp-ultimate-csv-importer,0,4,0.0,6.5,
https://www.smackcoders.com/es/blog/como-exportar-usuarios-de-wordpress-una-guia-paso-a-paso.html#metodos-para-exportar-usuarios-de-word-press,0,4,0.0,6.5,
https://www.smackcoders.com/es/blog/plugins-de-afiliados-de-woocommerce.html,0,4,0.0,10.5,
https://www.smackcoders.com/es/sobre-nosotros.html,0,4,0.0,73.5,
https://www.smackcoders.com/es/wp-ultimate-csv-importer-pro/importacion-exportacion-jetengine-con-ultimate-csv-importer.html,0,4,0.0,18.25,
https://www.smackcoders.com/ja/blog/create-custom-fields-with-acf-in-wordpress.html#how-to-create-and-add-fields-with-acf,0,4,0.0,6.5,
https://www.smackcoders.com/ja/documentation/wp-ultimate-csv-importer/how-to-import-schedule-or-update#0-toc-title,0,4,0.0,4.5,
https://www.smackcoders.com/ja/documentation/wp-ultimate-csv-importer/how-to-import-schedule-or-update#1-toc-title,0,4,0.0,4.5,
https://www.smackcoders.com/ja/documentation/wp-ultimate-csv-importer/how-to-import-woocommerce-orders,0,4,0.0,10.75,
https://www.smackcoders.com/ja/wp-follow-up-emails.html,0,4,0.0,16.75,
https://www.smackcoders.com/ja/wp-ultimate-exporter.html,0,4,0.0,17.5,
https://www.smackcoders.com/ja/documentation/wp-ultimate-csv-importer/export-wordpress-data-using-wp-query,1,3,0.3333333333333333,19.0,
https://www.smackcoders.com/blog/ai-in-wordpress.html#11-best-ways-to-use-ai-in-word-press,0,3,0.0,8.333333333333332,
https://www.smackcoders.com/blog/ai-in-wordpress.html#build-and-design-a-website,0,3,0.0,8.333333333333332,
https://www.smackcoders.com/blog/ai-in-wordpress.html#top-ai-word-press-plugins,0,3,0.0,8.333333333333332,
https://www.smackcoders.com/blog/create-and-import-custom-post-types-in-wordpress.html#how-to-export-custom-post-types-in-word-press-using-the-ultimate-csv-importer,0,3,0.0,7.0,
https://www.smackcoders.com/blog/create-and-import-custom-post-types-in-wordpress.html#most-popular-third-party-plugin-for-custom-post-types,0,3,0.0,7.0,
https://www.smackcoders.com/blog/import-export-elementor-as-csv.html#how-to-bulk-export-import-of-elementor-templates,0,3,0.0,7.333333333333333,
https://www.smackcoders.com/blog/import-export-elementor-as-csv.html#how-to-export-and-import-content-designed-with-elementor,0,3,0.0,7.333333333333333,
https://www.smackcoders.com/blog/import-export-gravity-forms-entries.html#why-wp-ultimate-csv-importer-plugin-for-gravity-forms-entries-import-export,0,3,0.0,8.333333333333332,
https://www.smackcoders.com/blog/import-variable-products-into-woocommerce.html#step-by-step-guide-to-importing-variations-for-woo-commerce-variable-products,0,3,0.0,9.666666666666666,
https://www.smackcoders.com/blog/import-variable-products-into-woocommerce.html#woo-commerce-product-and-variations-import,0,3,0.0,9.666666666666666,
https://www.smackcoders.com/blog/polylang-import-translation-guide.html#how-do-you-set-up-languages-on-a-word-press-site-using-polylang,0,3,0.0,8.666666666666668,
https://www.smackcoders.com/blog/polylang-import-translation-guide.html#how-to-import-taxonomies-in-polylang-translations,0,3,0.0,8.666666666666668,
https://www.smackcoders.com/blog/wordpress-ultimate-csv-importer-csv-sample-files-and-updates.html#wp-ultimate-csv-importer-supported-plugins,0,3,0.0,8.0,
https://www.smackcoders.com/documentation/wp-ultimate-csv-importer-pro/ai-integration,0,3,0.0,12.0,
https://www.smackcoders.com/documentation/wp-ultimate-csv-importer-pro/how-to-import-variable-products-in-woocommerce#1-toc-title,0,3,0.0,9.0,
https://www.smackcoders.com/documentation/wp-ultimate-csv-importer-pro/how-to-import-variable-products-in-woocommerce#3-toc-title,0,3,0.0,9.0,
https://www.smackcoders.com/documentation/wp-ultimate-csv-importer-pro/how-to-import-variable-products-in-woocommerce#4-toc-title,0,3,0.0,9.0,
https://www.smackcoders.com/documentation/wp-ultimate-csv-importer-pro/how-to-import-variable-products-in-woocommerce#5-toc-title,0,3,0.0,9.0,
https://www.smackcoders.com/es/blog/como-anadir-urls-externas-a-las-imagenes-destacadas-en-wordpress.html#importacion-masiva-de-url-externas-a-imagenes-destacadas-en-publicaciones-paginas-y-publicaciones-personalizadas-de-word-press,0,3,0.0,4.333333333333334,
https://www.smackcoders.com/es/blog/como-importar-archivos-csv-a-wordpress-de-manera-eficiente.html#understanding-the-basics,0,3,0.0,4.333333333333334,
https://www.smackcoders.com/es/blog/importar-productos-variables-a-woocommerce-usando-ultimate-csv-importer.html#exportacion-de-variaciones-de-woo-commerce-para-productos-variables,0,3,0.0,6.333333333333333,
https://www.smackcoders.com/es/blog/importar-productos-variables-a-woocommerce-usando-ultimate-csv-importer.html#guia-paso-a-paso-para-importar-variaciones-para-productos-variables-de-woo-commerce,0,3,0.0,6.333333333333333,
https://www.smackcoders.com/es/blog/tienda-woocommerce-para-usuarios-moviles.html,0,3,0.0,5.666666666666667,
https://www.smackcoders.com/es/contactenos.html,0,3,0.0,20.33333333333333,
https://www.smackcoders.com/es/documentation/creador-de-prospectos-de-wordpress-para-cualquier-profesional-de-crm/preguntas-frecuentes-sobre-el-lead-builder-y-videos,0,3,0.0,48.0,
https://www.smackcoders.com/es/documentation/wp-ultimate-csv-importer-pro/importar-y-exportar-campos-acpt-en-wordpress,0,3,0.0,18.0,
https://www.smackcoders.com/es/documentation/wp-ultimate-csv-importer-pro/migrar-datos-de-wordpress-y-woocommerce,0,3,0.0,7.666666666666667,
https://www.smackcoders.com/es/documentation/wp-ultimate-csv-importer-pro/modulos-de-importacion-csv-definitivos-de-wordpress,0,3,0.0,5.0,
https://www.smackcoders.com/ja/blog/advanced-techniques-for-wordpress-import-and-export.html#word-press-%E3%83%87%E3%83%BC%E3%82%BF%E3%82%92%E6%96%B0%E3%81%97%E3%81%84%E3%83%9B%E3%82%B9%E3%83%88%E3%81%AB%E3%82%A4%E3%83%B3%E3%83%9D%E3%83%BC%E3%83%88%E3%81%99%E3%82%8B,0,3,0.0,11.0,
https://www.smackcoders.com/ja/blog/create-custom-fields-with-acf-in-wordpress.html#why-acf-to-create-custom-fields,0,3,0.0,6.333333333333333,
https://www.smackcoders.com/ja/blog/how-to-export-wordpress-users.html#2-wp-cli%E3%82%B3%E3%83%9E%E3%83%B3%E3%83%89%E3%81%AE%E4%BD%BF%E7%94%A8,0,3,0.0,5.333333333333333,
https://www.smackcoders.com/ja/blog/import-woocommerce-products-with-custom-fields.html#section-1-understanding-advanced-custom-fields-in-woo-commerce,0,3,0.0,4.333333333333334,
https://www.smackcoders.com/ja/blog/import-woocommerce-products-with-custom-fields.html#step-2-import-your-woo-commerce-data-with-advanced-custom-fields,0,3,0.0,4.333333333333334,
https://www.smackcoders.com/ja/blog/import-woocommerce-products-with-custom-fields.html#what-acf-does,0,3,0.0,4.333333333333334,
https://www.smackcoders.com/ja/documentation/wp-ultimate-csv-importer/import-and-export-lms-data,0,3,0.0,5.0,
https://www.smackcoders.com/ja/documentation/wp-ultimate-csv-importer/import-woocommerce-customers,0,3,0.0,9.0,
https://www.smackcoders.com/ja/documentation/wp-ultimate-csv-importer/importer-faq,0,3,0.0,8.0,
https://www.smackcoders.com/ja/documentation/wp-ultimate-csv-importer/wpml-multilingual-import,0,3,0.0,8.666666666666668,
https://www.smackcoders.com/ja/documentation/wp-ultimate-exporter/wordpress-exporter-guide#2-toc-title,0,3,0.0,8.0,
https://www.smackcoders.com/blog.html/9,1,2,0.5,2.5,
https://www.smackcoders.com/blog.html/3?utm_source,0,2,0.0,12.0,
https://www.smackcoders.com/blog.html/5?referrer=wordpress.com,0,2,0.0,3.0,
https://www.smackcoders.com/blog/advanced-techniques-for-wordpress-import-and-export.html#importing-word-press-data-to-a-new-host,0,2,0.0,11.0,
https://www.smackcoders.com/blog/create-a-multilingual-website-with-wpml.html#installing-wpml,0,2,0.0,9.5,
https://www.smackcoders.com/blog/create-a-multilingual-website-with-wpml.html#steps-to-register-with-site-key-in-wpml,0,2,0.0,9.5,
https://www.smackcoders.com/blog/create-a-multilingual-website-with-wpml.html#why-use-wpml-to-create-a-multilingual-website-in-word-press,0,2,0.0,9.5,
https://www.smackcoders.com/blog/how-to-import-csv-file-in-wordpress-without-plugin.html#import-using-json-advanced,0,2,0.0,4.5,
https://www.smackcoders.com/blog/how-to-restore-wordpress-site-from-backup.html#steps-to-back-up-word-press-data,0,2,0.0,9.5,
https://www.smackcoders.com/blog/how-to-restore-wordpress-site-from-backup.html#testing-your-restored-word-press-site,0,2,0.0,9.5,
https://www.smackcoders.com/blog/how-to-restore-wordpress-site-from-backup.html#the-art-of-word-press-backups,0,2,0.0,9.5,
https://www.smackcoders.com/blog/import-export-gravity-forms-entries.html#how-to-export-gravity-forms-entries,0,2,0.0,8.0,
https://www.smackcoders.com/blog/import-export-gravity-forms-entries.html#why-import-gravity-forms-entries-into-word-press,0,2,0.0,8.0,
https://www.smackcoders.com/blog/import-export-listings-business-directory-plugins.html#how-to-import-listings-data,0,2,0.0,6.5,
https://www.smackcoders.com/blog/import-export-listings-business-directory-plugins.html#word-press-directory-plugins-you-can-use,0,2,0.0,6.5,
https://www.smackcoders.com/blog/import-woocommerce-products-with-custom-fields.html#section-1-understanding-advanced-custom-fields-in-woo-commerce,0,2,0.0,10.0,
https://www.smackcoders.com/blog/import-woocommerce-products-with-custom-fields.html#step-1-preparing-your-csv-for-advanced-custom-fields,0,2,0.0,10.0,
https://www.smackcoders.com/blog/import-woocommerce-products-with-custom-fields.html#step-2-import-your-woo-commerce-data-with-advanced-custom-fields,0,2,0.0,10.0,
https://www.smackcoders.com/blog/mastering-wpml-language-localization.html#how-to-change-language-code,0,2,0.0,11.0,
https://www.smackcoders.com/blog/polylang-import-translation-guide.html#how-to-import-custom-post-types-and-custom-fields-in-multilingual-websites,0,2,0.0,7.0,
https://www.smackcoders.com/documentation/wp-ultimate-csv-importer-pro/acf-import#4-toc-title,0,2,0.0,5.0,
https://www.smackcoders.com/documentation/wp-ultimate-csv-importer-pro/how-to-import-csv#1-toc-title,0,2,0.0,2.5,
https://www.smackcoders.com/documentation/wp-ultimate-csv-importer-pro/import-and-export-woocommerce-reviews#0-toc-title,0,2,0.0,11.0,
https://www.smackcoders.com/documentation/wp-ultimate-csv-importer-pro/import-and-export-woocommerce-reviews#1-toc-title,0,2,0.0,11.0,
https://www.smackcoders.com/documentation/wp-ultimate-csv-importer-pro/import-and-export-woocommerce-reviews#2-toc-title,0,2,0.0,11.0,
https://www.smackcoders.com/documentation/wp-ultimate-csv-importer-pro/meta-box-custom-field-cloneable#1-toc-title,0,2,0.0,8.0,
https://www.smackcoders.com/documentation/wp-ultimate-csv-importer-pro/meta-box-custom-field-cloneable#4-toc-title,0,2,0.0,8.0,
https://www.smackcoders.com/documentation/wp-ultimate-csv-importer-pro/rankmath-data-import-and-export#2-toc-title,0,2,0.0,7.5,
https://www.smackcoders.com/documentation/wp-ultimate-csv-importer-pro/rankmath-data-import-and-export#5-toc-title,0,2,0.0,7.5,
https://www.smackcoders.com/es,0,2,0.0,5.5,
https://www.smackcoders.com/es/administrador-de-bibliotecas-de-medios-aio-wp.html,0,2,0.0,10.0,
https://www.smackcoders.com/es/blog/como-anadir-urls-externas-a-las-imagenes-destacadas-en-wordpress.html#como-agregar-enlaces-url-externos-a-publicaciones-y-paginas-de-word-press,0,2,0.0,5.0,
https://www.smackcoders.com/es/blog/como-exportar-usuarios-de-wordpress-una-guia-paso-a-paso.html#1-uso-del-metodo-php-my-admin,0,2,0.0,6.0,
https://www.smackcoders.com/es/blog/como-exportar-usuarios-de-wordpress-una-guia-paso-a-paso.html#4-servicios-de-terceros,0,2,0.0,6.0,
https://www.smackcoders.com/es/blog/como-exportar-usuarios-de-wordpress-una-guia-paso-a-paso.html#conceptos-basicos-de-la-exportacion-de-usuarios,0,2,0.0,6.0,
https://www.smackcoders.com/es/blog/ejemplos-de-archivos-csv-y-xml-para-la-importacion-de-prueba-wp-ultimate-csv-xml-importer.html#archivos-de-muestra-para-la-importacion-de-csv-xml-de-word-press,0,2,0.0,4.5,
https://www.smackcoders.com/es/blog/ejemplos-de-archivos-csv-y-xml-para-la-importacion-de-prueba-wp-ultimate-csv-xml-importer.html#importacion-csv-de-word-press,0,2,0.0,4.5,
https://www.smackcoders.com/es/blog/exportar-importar-una-sola-publicacion.html#key-benefits-of-this-feature,0,2,0.0,10.5,
https://www.smackcoders.com/es/blog/exportar-importar-una-sola-publicacion.html#why-do-you-need-to-export-and-import-single-post-page-custom-post-record,0,2,0.0,10.5,
https://www.smackcoders.com/es/blog/importar-productos-de-woocommerce-con-campos-personalizados.html#section-1-understanding-advanced-custom-fields-in-woo-commerce,0,2,0.0,7.0,
https://www.smackcoders.com/es/blog/importar-productos-de-woocommerce-con-campos-personalizados.html#step-2-import-your-woo-commerce-data-with-advanced-custom-fields,0,2,0.0,7.0,
https://www.smackcoders.com/es/correos-electronicos-de-seguimiento-de-wp.html,0,2,0.0,6.0,
https://www.smackcoders.com/es/documentation/wp-ultimate-csv-importer-pro,0,2,0.0,5.5,
https://www.smackcoders.com/es/documentation/wp-ultimate-csv-importer-pro/exportar-datos-de-wordpress-mediante-wp-query,0,2,0.0,36.0,
https://www.smackcoders.com/es/documentation/wp-ultimate-csv-importer-pro/importar-eventos-a-wordpress,0,2,0.0,8.0,
https://www.smackcoders.com/es/wp-ultimate-csv-importer-pro/importacion-de-metadatos-seo.html,0,2,0.0,18.0,
https://www.smackcoders.com/ja/blog/ai-powered-personalization-for-ecommerce.html,0,2,0.0,28.5,
https://www.smackcoders.com/ja/blog/how-to-export-wordpress-users.html#%E3%83%A6%E3%83%BC%E3%82%B6%E3%83%BC%E3%82%A8%E3%82%AF%E3%82%B9%E3%83%9D%E3%83%BC%E3%83%88%E3%81%AE%E5%9F%BA%E6%9C%AC,0,2,0.0,5.5,
https://www.smackcoders.com/ja/blog/how-to-export-wordpress-users.html#1-php-my-admin%E3%83%A1%E3%82%BD%E3%83%83%E3%83%89%E3%81%AE%E4%BD%BF%E7%94%A8,0,2,0.0,5.5,
https://www.smackcoders.com/ja/blog/how-to-import-csv-file-in-wordpress-without-plugin.html#steps-for-importing-csv-to-word-press-without-a-plugin,0,2,0.0,7.0,
https://www.smackcoders.com/ja/blog/wordpress-ultimate-csv-importer-csv-sample-files-and-updates.html#%E3%82%88%E3%81%8F%E3%81%82%E3%82%8B%E8%B3%AA%E5%95%8F-faq,0,2,0.0,10.5,
https://www.smackcoders.com/ja/blog/wordpress-ultimate-csv-importer-csv-sample-files-and-updates.html#word-press-csv-xml-%E3%82%A4%E3%83%B3%E3%83%9D%E3%83%BC%E3%83%88%E3%81%AE%E3%82%B5%E3%83%B3%E3%83%97%E3%83%AB%E3%83%95%E3%82%A1%E3%82%A4%E3%83%AB,0,2,0.0,10.5,
https://www.smackcoders.com/ja/documentation/wp-ultimate-csv-importer/import-images-into-wordpress#2-toc-title,0,2,0.0,3.5,
https://www.smackcoders.com/ja/documentation/wp-ultimate-csv-importer/import-wordpress-categories-and-tags#5-toc-title,0,2,0.0,4.0,
https://www.smackcoders.com/ja/documentation/wp-ultimate-csv-importer/iteration-based-import,0,2,0.0,11.5,
https://www.smackcoders.com/ja/documentation/wp-ultimate-csv-importer/meta-box-custom-field-cloneable#1-toc-title,0,2,0.0,6.0,
https://www.smackcoders.com/ja/documentation/wp-ultimate-csv-importer/meta-box-custom-field-cloneable#4-toc-title,0,2,0.0,6.0,
https://www.smackcoders.com/ja/documentation/wp-ultimate-csv-importer/seopress-import-export,0,2,0.0,15.5,
https://www.smackcoders.com/ja/wp-ultimate-csv-importer-pro/polylang-import-translation.html,0,2,0.0,17.5,
https://www.smackcoders.com/blog.html/2?utm_source=web&utm_campaign=wp_org&utm_medium=readme,0,1,0.0,9.0,
https://www.smackcoders.com/blog.html/5?utm_source,0,1,0.0,4.0,
https://www.smackcoders.com/blog.html/7?utm_source,0,1,0.0,5.0,
https://www.smackcoders.com/blog/create-a-form-in-wordpress-without-plugins.html#gathering-your-tools-html-css-and-php,0,1,0.0,12.0,
https://www.smackcoders.com/blog/create-a-form-in-wordpress-without-plugins.html#reasons-to-build-forms-without-plugins,0,1,0.0,12.0,
https://www.smackcoders.com/blog/create-and-import-custom-post-types-in-wordpress.html#why-do-we-need-custom-post-types,0,1,0.0,2.0,
https://www.smackcoders.com/blog/crm-for-small-businesses.html,0,1,0.0,1.0,
https://www.smackcoders.com/blog/how-to-import-csv-file-in-wordpress.html#customizing-csv-imports-for-specific-needs,0,1,0.0,4.0,
https://www.smackcoders.com/blog/how-to-import-csv-file-in-wordpress.html#enhancing-csv-file-imports,0,1,0.0,4.0,
https://www.smackcoders.com/blog/how-to-import-csv-file-in-wordpress.html#exploring-csv-file-formats-and-delimiters,0,1,0.0,4.0,
https://www.smackcoders.com/blog/how-to-import-csv-file-in-wordpress.html#introduction-to-csv-files-and-word-press,0,1,0.0,4.0,
https://www.smackcoders.com/blog/how-to-import-csv-file-in-wordpress.html#methods-for-importing-csv-files,0,1,0.0,4.0,
https://www.smackcoders.com/blog/how-to-import-csv-file-in-wordpress.html#performance-tips-for-large-imports-word-press-6-6,0,1,0.0,4.0,
https://www.smackcoders.com/blog/how-to-import-csv-file-in-wordpress.html#plugins-for-csv-file-management,0,1,0.0,4.0,
https://www.smackcoders.com/blog/import-export-custom-post-types-plugin-data.html#step-by-step-guide-to-importing,0,1,0.0,9.0,
https://www.smackcoders.com/blog/import-export-listings-business-directory-plugins.html#advanced-classifieds-directory-pro-listings-free-version,0,1,0.0,6.0,
https://www.smackcoders.com/blog/import-export-listings-business-directory-plugins.html#business-directory-plugin-free-version,0,1,0.0,6.0,
https://www.smackcoders.com/blog/import-export-listings-business-directory-plugins.html#why-use-wp-ultimate-csv-importer-for-your-directory-listings,0,1,0.0,6.0,
https://www.smackcoders.com/blog/import-export-woocommerce-product-reviews.html#how-to-import-product-reviews-into-woo-commerce,0,1,0.0,11.0,
https://www.smackcoders.com/blog/import-export-woocommerce-product-reviews.html#how-to-set-up-product-reviews-in-woo-commerce,0,1,0.0,11.0,
https://www.smackcoders.com/blog/import-export-woocommerce-product-reviews.html#what-is-woo-commerce-product-reviews,0,1,0.0,11.0,
https://www.smackcoders.com/blog/mastering-wpml-language-localization.html#how-to-change-url-structure,0,1,0.0,11.0,
https://www.smackcoders.com/blog/polylang-import-translation-guide.html#csv-importer-for-polylang-wp-ultimate-csv-importer-plugin,0,1,0.0,8.0,
https://www.smackcoders.com/documentation/wp-ultimate-csv-importer-pro/acf-import#5-toc-title,0,1,0.0,9.0,
https://www.smackcoders.com/documentation/wp-ultimate-csv-importer-pro/how-to-import-csv#2-toc-title,0,1,0.0,3.0,
https://www.smackcoders.com/documentation/wp-ultimate-csv-importer-pro/how-to-import-csv#3-toc-title,0,1,0.0,2.0,
https://www.smackcoders.com/documentation/wp-ultimate-csv-importer-pro/how-to-import-schedule-or-update#2-toc-title,0,1,0.0,2.0,
https://www.smackcoders.com/documentation/wp-ultimate-csv-importer-pro/polylang-multilingual-content-import-export#0-toc-title,0,1,0.0,6.0,
https://www.smackcoders.com/documentation/wp-ultimate-csv-importer-pro/polylang-multilingual-content-import-export#2-toc-title,0,1,0.0,6.0,
https://www.smackcoders.com/documentation/wp-ultimate-exporter/wordpress-exporter-guide#0-toc-title,0,1,0.0,10.0,
https://www.smackcoders.com/documentation/wp-ultimate-exporter/wordpress-exporter-guide#2-toc-title,0,1,0.0,10.0,
https://www.smackcoders.com/es/asociacion.html,0,1,0.0,60.0,
https://www.smackcoders.com/es/atencion-al-cliente-smackcoders.html,0,1,0.0,49.0,
https://www.smackcoders.com/es/blog/como-anadir-urls-externas-a-las-imagenes-destacadas-en-wordpress.html#como-obtener-url-de-imagenes-destacadas-en-publicaciones-paginas-de-word-press,0,1,0.0,3.0,
https://www.smackcoders.com/es/blog/como-exportar-e-importar-campos-personalizados-avanzados.html#acf-field-types-explained,0,1,0.0,5.0,
https://www.smackcoders.com/es/blog/como-exportar-e-importar-campos-personalizados-avanzados.html#import-acf-fields-in-word-press-from-csv,0,1,0.0,5.0,
https://www.smackcoders.com/es/blog/correccion-de-seguridad-para-el-wp-ultimate-csv-importer.html,0,1,0.0,70.0,
https://www.smackcoders.com/es/blog/importar-productos-de-woocommerce-con-campos-personalizados.html#common-import-challenges,0,1,0.0,8.0,
https://www.smackcoders.com/es/blog/importar-productos-de-woocommerce-con-campos-personalizados.html#real-example-importing-u-s-handmade-goods,0,1,0.0,8.0,
https://www.smackcoders.com/es/blog/importar-productos-de-woocommerce-con-campos-personalizados.html#section-2-step-by-step-import-process,0,1,0.0,8.0,
https://www.smackcoders.com/es/blog/importar-productos-de-woocommerce-con-campos-personalizados.html#section-3-benefits-for-store-owners,0,1,0.0,8.0,
https://www.smackcoders.com/es/blog/importar-productos-de-woocommerce-con-campos-personalizados.html#step-1-preparing-your-csv-for-advanced-custom-fields,0,1,0.0,8.0,
https://www.smackcoders.com/es/blog/importar-productos-de-woocommerce-con-campos-personalizados.html#what-acf-does,0,1,0.0,6.0,
https://www.smackcoders.com/es/blog/importar-productos-variables-a-woocommerce-usando-ultimate-csv-importer.html#el-desafio-de-importar-variaciones-de-woo-commerce,0,1,0.0,6.0,
https://www.smackcoders.com/es/blog/importar-productos-variables-a-woocommerce-usando-ultimate-csv-importer.html#importacion-de-productos-y-variaciones-de-woo-commerce,0,1,0.0,6.0,
https://www.smackcoders.com/es/blog/importar-productos-variables-a-woocommerce-usando-ultimate-csv-importer.html#paso-3-exportar-los-datos,0,1,0.0,6.0,
https://www.smackcoders.com/es/blog/plugins-seo-de-wordpress.html,0,1,0.0,25.0,
https://www.smackcoders.com/es/documentation.html,0,1,0.0,20.0,
https://www.smackcoders.com/es/documentation/wp-ultimate-csv-importer-pro/campo-personalizado-de-meta-box-clonable,0,1,0.0,41.0,
https://www.smackcoders.com/es/documentation/wp-ultimate-csv-importer-pro/importacion-seo-por-wp-ultimate-csv-importer,0,1,0.0,6.0,
https://www.smackcoders.com/es/documentation/wp-ultimate-csv-importer-pro/importar-listados-de-directorios-comerciales-en-wordpress,0,1,0.0,25.0,
https://www.smackcoders.com/es/documentation/wp-ultimate-csv-importer-pro/introduccion-al-plugin-de-wordpress-ultimate-csv-xml-importer#0-toc-title,0,1,0.0,7.0,
https://www.smackcoders.com/es/documentation/wp-ultimate-csv-importer-pro/introduccion-al-plugin-de-wordpress-ultimate-csv-xml-importer#1-toc-title,0,1,0.0,7.0,
https://www.smackcoders.com/es/documentation/wp-ultimate-csv-importer-pro/introduccion-al-plugin-de-wordpress-ultimate-csv-xml-importer#2-toc-title,0,1,0.0,7.0,
https://www.smackcoders.com/es/documentation/wp-ultimate-csv-importer-pro/introduccion-al-plugin-de-wordpress-ultimate-csv-xml-importer#3-toc-title,0,1,0.0,7.0,
https://www.smackcoders.com/es/plugins-inteligentes-para-wordpress.html,0,1,0.0,5.0,
https://www.smackcoders.com/es/wp-ultimate-csv-importer-pro/precios.html,0,1,0.0,19.0,
https://www.smackcoders.com/how-to-create-wordpress-post.html,0,1,0.0,7.0,
https://www.smackcoders.com/ja/about-us.html,0,1,0.0,97.0,
https://www.smackcoders.com/ja/aio-wp-media-library-manager.html,0,1,0.0,46.0,
https://www.smackcoders.com/ja/blog.html,0,1,0.0,9.0,
https://www.smackcoders.com/ja/blog/advanced-techniques-for-wordpress-import-and-export.html#%E4%BA%BA%E6%B0%97%E3%81%AE%E3%83%97%E3%83%A9%E3%82%B0%E3%82%A4%E3%83%B3%E3%81%AE%E6%A6%82%E8%A6%81,0,1,0.0,12.0,
https://www.smackcoders.com/ja/blog/advanced-techniques-for-wordpress-import-and-export.html#%E5%90%84%E3%83%97%E3%83%A9%E3%82%B0%E3%82%A4%E3%83%B3%E3%81%AE%E3%82%B9%E3%83%86%E3%83%83%E3%83%97%E3%83%90%E3%82%A4%E3%82%B9%E3%83%86%E3%83%83%E3%83%97-%E3%82%AC%E3%82%A4%E3%83%89,0,1,0.0,12.0,
https://www.smackcoders.com/ja/blog/advanced-techniques-for-wordpress-import-and-export.html#php-my-admin-%E3%82%92%E4%BD%BF%E7%94%A8%E3%81%97%E3%81%9F%E3%83%87%E3%83%BC%E3%82%BF%E3%83%99%E3%83%BC%E3%82%B9%E3%81%AE%E3%82%A8%E3%82%AF%E3%82%B9%E3%83%9D%E3%83%BC%E3%83%88,0,1,0.0,12.0,
https://www.smackcoders.com/ja/blog/create-a-multilingual-website-with-wpml.html#installing-wpml,0,1,0.0,7.0,
https://www.smackcoders.com/ja/blog/create-a-multilingual-website-with-wpml.html#steps-to-register-with-site-key-in-wpml,0,1,0.0,7.0,
https://www.smackcoders.com/ja/blog/create-a-multilingual-website-with-wpml.html#why-use-wpml-to-create-a-multilingual-website-in-word-press,0,1,0.0,7.0,
https://www.smackcoders.com/ja/blog/create-custom-fields-with-acf-in-wordpress.html#how-to-install-acf-plugin,0,1,0.0,7.0,
https://www.smackcoders.com/ja/blog/how-to-import-csv-file-in-wordpress-without-plugin.html#importing-different-data-types-without-a-plugin,0,1,0.0,5.0,
https://www.smackcoders.com/ja/blog/how-to-import-csv-file-in-wordpress-without-plugin.html#when-and-why-to-import-cs-vs-without-plugins,0,1,0.0,9.0,
https://www.smackcoders.com/ja/blog/wordpress-ultimate-csv-importer-csv-sample-files-and-updates.html#word-press-csv%E3%82%A4%E3%83%B3%E3%83%9D%E3%83%BC%E3%83%88,0,1,0.0,12.0,
https://www.smackcoders.com/ja/blog/wordpress-ultimate-csv-importer-csv-sample-files-and-updates.html#word-press-xml-%E3%81%AE%E3%82%A4%E3%83%B3%E3%83%9D%E3%83%BC%E3%83%88,0,1,0.0,9.0,
https://www.smackcoders.com/ja/documentation/wordpress-leads-builder-for-any-crm-pro/lead-builder-for-any-crm,0,1,0.0,1.0,
https://www.smackcoders.com/ja/documentation/wp-ultimate-csv-importer-pro,0,1,0.0,3.0,
https://www.smackcoders.com/ja/documentation/wp-ultimate-csv-importer/acf-import#1-toc-title,0,1,0.0,5.0,
https://www.smackcoders.com/ja/documentation/wp-ultimate-csv-importer/acf-import#2-toc-title,0,1,0.0,1.0,
https://www.smackcoders.com/ja/documentation/wp-ultimate-csv-importer/ai-integration,0,1,0.0,7.0,
https://www.smackcoders.com/ja/documentation/wp-ultimate-csv-importer/import-and-export-listings-and-owners-in-wp-rentals,0,1,0.0,10.0,
https://www.smackcoders.com/ja/documentation/wp-ultimate-csv-importer/import-business-directory-listings-in-wordpress,0,1,0.0,7.0,
https://www.smackcoders.com/ja/documentation/wp-ultimate-csv-importer/import-wordpress-categories-and-tags#2-toc-title,0,1,0.0,2.0,
https://www.smackcoders.com/ja/documentation/wp-ultimate-csv-importer/meta-box-custom-field-cloneable#2-toc-title,0,1,0.0,3.0,
https://www.smackcoders.com/ja/documentation/wp-ultimate-csv-importer/meta-box-custom-field-cloneable#5-toc-title,0,1,0.0,3.0,
https://www.smackcoders.com/ja/documentation/wp-ultimate-csv-importer/polylang-multilingual-content-import-export#0-toc-title,0,1,0.0,1.0,
https://www.smackcoders.com/ja/documentation/wp-ultimate-csv-importer/polylang-multilingual-content-import-export#2-toc-title,0,1,0.0,1.0,
https://www.smackcoders.com/ja/refund-policy.html,0,1,0.0,20.0,
https://www.smackcoders.com/wp-content/uploads/2024/01/learn-how-to-export-wordpress-users-scaled.webp,0,1,0.0,19.0,
https://www.smackcoders.com/wp-content/uploads/2025/06/wp-ultimate-csv-importer-8-7-scaled.webp,0,1,0.0,25.0,
https://www.smackcoders.com/wp-content/uploads/2026/01/WP-Ultimate-CSV-Importer-Pro-8-12-Easy-Digital-Downloads-support-bug-fixes-scaled.webp,0,1,0.0,53.0,
