Item name,Items viewed,Items added to cart,Items purchased,Item revenue
AIO WP Media Library Manager,0,1,0,0
Administrador de bibliotecas de medios AIO WP,0,1,0,0
Administrador fácil de inventario y stock para WooCommerce,0,1,0,0
Correos electrónicos de seguimiento de WP,0,3,0,0
Easy Inventory And Stock Manager for WooCommerce,0,4,0,0
Importador CSV WP Ultimate Pro,0,1,0,0
W2S Sync Pro,0,3,1,79
WP Exportador definitivo,0,1,0,0
WP Ultimate CSV Importer &#8211; Custom Fields Import,0,14,1,159.2
WP Ultimate CSV Importer &#8211; WPML Import,0,10,0,0
WP Ultimate CSV Importer &#8211; カスタムフィールドのインポート,0,1,0,0
WP Ultimate CSV Importer Pro,0,11,0,0
WP Ultimate Exporter,0,3,0,0
WPアルティメットエクスポーター,0,1,0,0
WordPress Follow Up Email Plugin,0,2,0,0
WordPress Leads Builder for any CRM,0,5,0,0
