Top pages,Clicks,Impressions,CTR,Position
https://www.smackcoders.com/,92,671,0.13710879284649777,4.651266766020864
https://www.smackcoders.com/wp-ultimate-csv-importer-pro.html,31,899,0.034482758620689655,6.823136818687431
https://www.smackcoders.com/ja/blog/add-external-urls-to-featured-images-wordpress.html,19,493,0.038539553752535496,5.882352941176471
https://www.smackcoders.com/blog/how-to-install-wamp-and-xampp.html,12,1476,0.008130081300813009,8.412601626016261
https://www.smackcoders.com/ja/blog/export-import-advanced-custom-fields-csv-wordpress.html,11,125,0.088,5.992
https://www.smackcoders.com/ja/documentation/wp-ultimate-csv-importer/acf-import,11,91,0.12087912087912088,5.791208791208791
https://www.smackcoders.com/ja/blog/create-custom-taxonomies-with-acf.html,10,99,0.10101010101010101,4.96969696969697
https://www.smackcoders.com/blog/wordpress-ultimate-csv-importer-csv-sample-files-and-updates.html,9,796,0.011306532663316583,11.185929648241206
https://www.smackcoders.com/ja/wp-ultimate-csv-importer-pro.html,9,38,0.23684210526315788,7.894736842105263
https://www.smackcoders.com/about-us.html,6,369,0.016260162601626018,2.710027100271003
https://www.smackcoders.com/blog/export-import-advanced-custom-fields-csv-wordpress.html,6,878,0.00683371298405467,9.666287015945331
https://www.smackcoders.com/ja/blog/enable-configure-wp-cron.html,6,236,0.025423728813559324,5.440677966101695
https://www.smackcoders.com/ja/documentation/wp-ultimate-csv-importer/import-images-into-wordpress,6,28,0.21428571428571427,5.285714285714286
https://www.smackcoders.com/blog/enable-configure-wp-cron.html,5,886,0.0056433408577878106,15.544018058690744
https://www.smackcoders.com/contact-us.html,5,376,0.013297872340425532,3.877659574468085
https://www.smackcoders.com/es/wp-ultimate-csv-importer-pro.html,5,42,0.11904761904761904,9.166666666666666
https://www.smackcoders.com/ja/documentation/wp-ultimate-csv-importer/how-to-import-csv,5,44,0.11363636363636363,4.795454545454545
https://www.smackcoders.com/wp-all-import-alternative.html,5,207,0.024154589371980676,18.130434782608695
https://www.smackcoders.com/blog/export-woocommerce-orders-to-google-sheets.html,4,131,0.030534351145038167,53.14503816793893
https://www.smackcoders.com/blog/import-variable-products-into-woocommerce.html,4,147,0.027210884353741496,34.714285714285715
https://www.smackcoders.com/documentation/wp-ultimate-csv-importer-pro/import-and-export-nextgen-gallery-images,4,104,0.038461538461538464,11.740384615384615
https://www.smackcoders.com/es/blog/como-importar-archivos-csv-a-wordpress-de-manera-eficiente.html,4,71,0.056338028169014086,5.211267605633803
https://www.smackcoders.com/ja/blog/import-export-custom-post-types-plugin-data.html,4,59,0.06779661016949153,4.677966101694915
https://www.smackcoders.com/ja/documentation/wp-ultimate-exporter/wordpress-exporter-guide,4,68,0.058823529411764705,10.132352941176471
https://www.smackcoders.com/blog/add-external-urls-to-featured-images-wordpress.html,3,3029,0.0009904258831297458,6.407725321888412
https://www.smackcoders.com/blog/best-woocommerce-plugins.html,3,218,0.013761467889908258,29.844036697247706
https://www.smackcoders.com/blog/create-and-import-custom-post-types-in-wordpress.html,3,185,0.016216216216216217,12.87027027027027
https://www.smackcoders.com/blog/export-import-single-wordpress-post-page-product.html,3,489,0.006134969325153374,16.621676891615543
https://www.smackcoders.com/blog/how-to-import-csv-file-in-wordpress-without-plugin.html,3,574,0.005226480836236934,10.986062717770034
https://www.smackcoders.com/documentation/wp-ultimate-csv-importer-pro/import-and-export-lms-data,3,104,0.028846153846153848,15.557692307692308
https://www.smackcoders.com/documentation/wp-ultimate-csv-importer-pro/importer-faq,3,139,0.02158273381294964,6.474820143884892
https://www.smackcoders.com/documentation/wp-ultimate-csv-importer-pro/troubleshooting-guide,3,174,0.017241379310344827,4.931034482758621
https://www.smackcoders.com/ja/blog/import-and-export-woocommerce-customers.html,3,14,0.21428571428571427,6.071428571428571
https://www.smackcoders.com/ja/wp-all-import-alternative.html,3,85,0.03529411764705882,8.764705882352942
https://www.smackcoders.com/wordpress.html,3,292,0.010273972602739725,3.3047945205479454
https://www.smackcoders.com/blog/how-to-import-page-to-wordpress.html,2,282,0.0070921985815602835,14.439716312056738
https://www.smackcoders.com/blog/optimize-wordpress-database-for-large-sites.html,2,368,0.005434782608695652,14.82336956521739
https://www.smackcoders.com/blog/wordpress-security-checklist.html,2,91,0.02197802197802198,32.92307692307692
https://www.smackcoders.com/documentation/wp-ultimate-csv-importer-pro/acf-import,2,274,0.0072992700729927005,15.572992700729927
https://www.smackcoders.com/documentation/wp-ultimate-csv-importer-pro/import-images-into-wordpress,2,79,0.02531645569620253,11.860759493670885
https://www.smackcoders.com/documentation/wp-ultimate-csv-importer-pro/learnpress-data-import,2,46,0.043478260869565216,11.065217391304348
https://www.smackcoders.com/documentation/wp-ultimate-csv-importer-pro/woocommerces,2,235,0.00851063829787234,29.85531914893617
https://www.smackcoders.com/es/blog/como-habilitar-y-configurar-wp-cron.html,2,85,0.023529411764705882,10.435294117647059
https://www.smackcoders.com/es/blog/importar-y-exportar-clientes-de-woocommerce.html,2,75,0.02666666666666667,12.106666666666667
https://www.smackcoders.com/es/documentation/wp-ultimate-csv-importer-pro/importar-exportar-miembros-de-usuario,2,11,0.18181818181818182,4.454545454545455
https://www.smackcoders.com/ja/blog/advanced-techniques-for-wordpress-import-and-export.html,2,126,0.015873015873015872,9.19047619047619
https://www.smackcoders.com/ja/blog/blog-create-and-import-custom-post-types-in-wordpress.html,2,92,0.021739130434782608,8.771739130434781
https://www.smackcoders.com/ja/blog/how-to-import-page-to-wordpress.html,2,140,0.014285714285714285,7.628571428571429
https://www.smackcoders.com/ja/blog/how-to-install-wamp-and-xampp.html,2,87,0.022988505747126436,5.413793103448276
https://www.smackcoders.com/ja/documentation/wp-ultimate-csv-importer/how-to-import-variable-products-in-woocommerce,2,19,0.10526315789473684,4.526315789473684
https://www.smackcoders.com/ja/documentation/wp-ultimate-csv-importer/import-data-from-excel-to-wordpress,2,23,0.08695652173913043,3.4782608695652173
https://www.smackcoders.com/ja/documentation/wp-ultimate-csv-importer/meta-box-custom-field-cloneable,2,26,0.07692307692307693,4.5
https://www.smackcoders.com/ja/documentation/wp-ultimate-csv-importer/metabox-import-export,2,11,0.18181818181818182,6.636363636363637
https://www.smackcoders.com/woocommerce-to-shopify-sync-pro.html,2,33,0.06060606060606061,9.333333333333334
https://www.smackcoders.com/aio-wp-media-library-manager.html,1,6,0.16666666666666666,32.33333333333333
https://www.smackcoders.com/blog.html,1,202,0.0049504950495049506,4.801980198019802
https://www.smackcoders.com/blog/create-custom-taxonomies-with-acf.html,1,521,0.0019193857965451055,11.28214971209213
https://www.smackcoders.com/blog/how-to-export-wordpress-users.html,1,310,0.0032258064516129032,22.725806451612904
https://www.smackcoders.com/blog/how-to-install-ioncube-loaders-simple-steps-for-various-hosting-types.html,1,711,0.0014064697609001407,9.679324894514767
https://www.smackcoders.com/blog/how-to-restore-wordpress-site-from-backup.html,1,516,0.001937984496124031,34.17054263565891
https://www.smackcoders.com/blog/mastering-wpml-language-localization.html,1,269,0.0037174721189591076,10.661710037174721
https://www.smackcoders.com/blog/polylang-import-translation-guide.html,1,117,0.008547008547008548,17.418803418803417
https://www.smackcoders.com/blog/ppom-for-woocommerce-import-export-custom-fields.html,1,46,0.021739130434782608,11.130434782608695
https://www.smackcoders.com/blog/wordpress-database-optimization.html,1,157,0.006369426751592357,5.267515923566879
https://www.smackcoders.com/blog/wp-ultimate-csv-importer-8-12-edd.html,1,72,0.013888888888888888,6.777777777777778
https://www.smackcoders.com/documentation.html,1,125,0.008,2.936
https://www.smackcoders.com/documentation/wp-ultimate-csv-importer-pro/how-to-import-schedule-or-update,1,85,0.011764705882352941,6.729411764705882
https://www.smackcoders.com/documentation/wp-ultimate-csv-importer-pro/how-to-import-variable-products-in-woocommerce,1,122,0.00819672131147541,26.795081967213115
https://www.smackcoders.com/documentation/wp-ultimate-csv-importer-pro/import-and-export-woocommerce-reviews,1,67,0.014925373134328358,16.029850746268657
https://www.smackcoders.com/documentation/wp-ultimate-csv-importer-pro/import-export-jetbookings-data,1,30,0.03333333333333333,9.5
https://www.smackcoders.com/documentation/wp-ultimate-csv-importer-pro/import-export-user-members,1,208,0.004807692307692308,40.20673076923077
https://www.smackcoders.com/documentation/wp-ultimate-csv-importer-pro/import-serialized-fields-data,1,23,0.043478260869565216,7.739130434782608
https://www.smackcoders.com/documentation/wp-ultimate-csv-importer-pro/polylang-multilingual-content-import-export,1,20,0.05,12
https://www.smackcoders.com/documentation/wp-ultimate-csv-importer-pro/seo-import,1,25,0.04,22.76
https://www.smackcoders.com/es/blog/como-anadir-urls-externas-a-las-imagenes-destacadas-en-wordpress.html,1,108,0.009259259259259259,5.777777777777778
https://www.smackcoders.com/es/blog/como-instalar-wamp-y-xampp.html,1,336,0.002976190476190476,11.571428571428571
https://www.smackcoders.com/es/blog/ejemplos-de-archivos-csv-y-xml-para-la-importacion-de-prueba-wp-ultimate-csv-xml-importer.html,1,223,0.004484304932735426,5.856502242152466
https://www.smackcoders.com/es/blog/importar-productos-variables-a-woocommerce-usando-ultimate-csv-importer.html,1,53,0.018867924528301886,10.18867924528302
https://www.smackcoders.com/es/blog/migrar-shopify-a-woocommerce.html,1,55,0.01818181818181818,50.54545454545455
https://www.smackcoders.com/es/documentation/wp-ultimate-csv-importer-pro/importar-categorias-y-etiquetas-de-wordpress,1,22,0.045454545454545456,4.590909090909091
https://www.smackcoders.com/es/documentation/wp-ultimate-csv-importer-pro/importar-eventos-a-wordpress,1,3,0.3333333333333333,8.666666666666668
https://www.smackcoders.com/es/wp-ultimate-csv-importer-pro/caracteristicas.html,1,9,0.1111111111111111,5.666666666666667
https://www.smackcoders.com/ja,1,28,0.03571428571428571,3.7857142857142856
https://www.smackcoders.com/ja/blog/create-a-multilingual-website-with-wpml.html,1,88,0.011363636363636364,9.647727272727273
https://www.smackcoders.com/ja/blog/create-custom-fields-with-acf-in-wordpress.html,1,126,0.007936507936507936,8.015873015873016
https://www.smackcoders.com/ja/blog/export-import-single-wordpress-post-page-product.html,1,30,0.03333333333333333,17.066666666666666
https://www.smackcoders.com/ja/blog/how-to-export-wordpress-users.html,1,22,0.045454545454545456,14.772727272727273
https://www.smackcoders.com/ja/blog/how-to-import-csv-file-in-wordpress-without-plugin.html,1,16,0.0625,11.3125
https://www.smackcoders.com/ja/blog/how-to-import-csv-file-in-wordpress.html,1,114,0.008771929824561403,17.649122807017545
https://www.smackcoders.com/ja/documentation/wordpress-leads-builder-for-any-crm-pro/lead-builder-for-any-crm,1,1,1,7
https://www.smackcoders.com/ja/documentation/wp-ultimate-csv-importer/bbpress-import-and-update,1,6,0.16666666666666666,7.666666666666667
https://www.smackcoders.com/ja/documentation/wp-ultimate-csv-importer/how-to-import-woocommerce-orders,1,4,0.25,4.75
https://www.smackcoders.com/ja/documentation/wp-ultimate-csv-importer/import-and-export-woocommerce-reviews,1,5,0.2,12.8
https://www.smackcoders.com/ja/documentation/wp-ultimate-csv-importer/import-and-export-wordpress-users,1,35,0.02857142857142857,5.542857142857143
https://www.smackcoders.com/ja/documentation/wp-ultimate-csv-importer/import-export-user-members,1,37,0.02702702702702703,9.837837837837839
https://www.smackcoders.com/ja/documentation/wp-ultimate-csv-importer/import-wordpress-categories-and-tags,1,57,0.017543859649122806,9.982456140350877
https://www.smackcoders.com/ja/documentation/wp-ultimate-csv-importer/seo-import,1,9,0.1111111111111111,4.333333333333334
https://www.smackcoders.com/ja/documentation/wp-ultimate-csv-importer/seopress-import-export,1,3,0.3333333333333333,5.333333333333333
https://www.smackcoders.com/ja/wp-ultimate-csv-importer-pro/import-acf-custom-fields-from-csv.html,1,7,0.14285714285714285,2.142857142857143
https://www.smackcoders.com/ja/wp-ultimate-csv-importer-pro/seo-meta-data-import.html,1,1,1,3
https://www.smackcoders.com/privacy-policy.html,1,16,0.0625,7.25
https://www.smackcoders.com/support.html,1,253,0.003952569169960474,3.4229249011857705
https://www.smackcoders.com/wp-ultimate-csv-importer-pro/changelog.html,1,91,0.01098901098901099,12.351648351648352
https://www.smackcoders.com/wp-ultimate-csv-importer-pro/pricing.html,1,28,0.03571428571428571,10.928571428571429
https://www.smackcoders.com/wp-ultimate-csv-importer-pro/woocommerce-import-products.html,1,174,0.005747126436781609,42.4367816091954
https://www.smackcoders.com/blog.html/5?referrer=wordpress.com,0,2,0,4.5
https://www.smackcoders.com/blog.html/7?utm_source,0,1,0,7
https://www.smackcoders.com/blog.html/9,0,1,0,9
https://www.smackcoders.com/blog/a-guide-to-wordpress-caching.html,0,15,0,6.6
https://www.smackcoders.com/blog/add-external-urls-to-featured-images-wordpress.html#frequently-asked-questions,0,3,0,6
https://www.smackcoders.com/blog/add-external-urls-to-featured-images-wordpress.html#how-to-add-external-url-links-to-word-press-posts-pages,0,83,0,6.891566265060241
https://www.smackcoders.com/blog/add-external-urls-to-featured-images-wordpress.html#importing-bulk-external-ur-ls-to-featured-images-in-word-press-posts-pages-and-custom-posts,0,55,0,6.8545454545454545
https://www.smackcoders.com/blog/add-external-urls-to-featured-images-wordpress.html#word-press-set-featured-images-from-url-programmatically,0,27,0,7
https://www.smackcoders.com/blog/advanced-techniques-for-wordpress-import-and-export.html,0,236,0,30.283898305084747
https://www.smackcoders.com/blog/ai-generated-wordpress-content-import.html,0,102,0,7.372549019607843
https://www.smackcoders.com/blog/ai-in-wordpress.html,0,109,0,21.477064220183486
https://www.smackcoders.com/blog/ai-powered-personalization-for-ecommerce.html,0,21,0,55.666666666666664
https://www.smackcoders.com/blog/ai-wordpress-security.html,0,21,0,5.142857142857143
https://www.smackcoders.com/blog/avoid-common-woocommerce-store-mistakes.html,0,7,0,9.285714285714286
https://www.smackcoders.com/blog/best-multipurpose-wordpress-themes.html,0,140,0,25.992857142857144
https://www.smackcoders.com/blog/best-practices-for-wordpress-sites.html,0,124,0,10.96774193548387
https://www.smackcoders.com/blog/best-woocommerce-affiliate-plugins.html,0,432,0,22.57175925925926
https://www.smackcoders.com/blog/best-woocommerce-affiliate-plugins.html#10-best-woo-commerce-affiliate-plugins-2025,0,32,0,6.25
https://www.smackcoders.com/blog/best-woocommerce-affiliate-plugins.html#benefits-of-running-an-affiliate-program-for-woo-commerce-stores,0,32,0,6.25
https://www.smackcoders.com/blog/best-woocommerce-affiliate-plugins.html#maximize-your-woo-commerce-affiliate-programs-success,0,32,0,6.25
https://www.smackcoders.com/blog/best-wordpress-speed-optimization-plugins.html,0,491,0,40.211812627291245
https://www.smackcoders.com/blog/build-dynamic-wordpress-sites-with-custom-post-types.html,0,246,0,9.1869918699187
https://www.smackcoders.com/blog/create-a-form-in-wordpress-without-plugins.html,0,270,0,9.303703703703704
https://www.smackcoders.com/blog/create-a-form-in-wordpress-without-plugins.html#reasons-to-build-forms-without-plugins,0,1,0,5
https://www.smackcoders.com/blog/create-a-form-in-wordpress-without-plugins.html#your-forms-html-structure,0,1,0,5
https://www.smackcoders.com/blog/create-a-multilingual-website-with-wpml.html,0,60,0,22.85
https://www.smackcoders.com/blog/create-and-import-custom-post-types-in-wordpress.html#ultimate-csv-importer-word-press-import-csv-to-custom-post-types,0,27,0,6.962962962962963
https://www.smackcoders.com/blog/create-and-import-custom-post-types-in-wordpress.html#what-is-custom-post-type-in-word-press,0,27,0,6.962962962962963
https://www.smackcoders.com/blog/ecommerce-video-marketing.html,0,5,0,11.8
https://www.smackcoders.com/blog/enable-configure-wp-cron.html#hooking-wp-cron-in-the-task-scheduler,0,17,0,5.764705882352941
https://www.smackcoders.com/blog/enable-configure-wp-cron.html#is-word-press-cron-enabled-how-to-enable-word-press-cron,0,28,0,6.285714285714286
https://www.smackcoders.com/blog/enable-configure-wp-cron.html#mac-linux,0,32,0,6.375
https://www.smackcoders.com/blog/enable-configure-wp-cron.html#word-press-cron-job-or-wp-cron-not-working,0,20,0,6.9
https://www.smackcoders.com/blog/essential-steps-to-launch-a-wordpress-site-the-right-way.html,0,31,0,12.67741935483871
https://www.smackcoders.com/blog/export-import-advanced-custom-fields-csv-wordpress.html#acf-field-types-explained,0,59,0,9.11864406779661
https://www.smackcoders.com/blog/export-import-advanced-custom-fields-csv-wordpress.html#export-acf-fields-in-word-press-as-csv,0,63,0,9.46031746031746
https://www.smackcoders.com/blog/export-import-advanced-custom-fields-csv-wordpress.html#export-import-of-advanced-custom-fields-data-from-csv,0,78,0,8.884615384615385
https://www.smackcoders.com/blog/export-import-advanced-custom-fields-csv-wordpress.html#import-acf-fields-in-word-press-from-csv,0,46,0,8.521739130434781
https://www.smackcoders.com/blog/export-import-advanced-custom-fields-csv-wordpress.html#wp-ultimate-csv-importer-pro,0,15,0,10
https://www.smackcoders.com/blog/export-import-single-wordpress-post-page-product.html#exciting-enhancements-in-wp-ultimate-csv-importer-pro-8-1,0,12,0,8.833333333333332
https://www.smackcoders.com/blog/export-import-single-wordpress-post-page-product.html#key-benefits-of-this-feature,0,10,0,8.8
https://www.smackcoders.com/blog/export-import-single-wordpress-post-page-product.html#key-features-of-single-post-csv-import-export,0,101,0,8.92079207920792
https://www.smackcoders.com/blog/export-import-single-wordpress-post-page-product.html#why-do-you-need-to-export-and-import-single-post-page-custom-post-record,0,103,0,8.922330097087379
https://www.smackcoders.com/blog/how-to-add-a-free-wordpress-contact-form.html,0,9,0,19.11111111111111
https://www.smackcoders.com/blog/how-to-export-wordpress-users.html#2-using-the-wp-cli-command,0,2,0,9
https://www.smackcoders.com/blog/how-to-export-wordpress-users.html#4-third-party-services,0,19,0,7.2105263157894735
https://www.smackcoders.com/blog/how-to-export-wordpress-users.html#how-to-export-word-press-users-with-wp-ultimate-csv-importer-plugin,0,20,0,7.3
https://www.smackcoders.com/blog/how-to-export-wordpress-users.html#methods-to-export-word-press-users,0,20,0,7.3
https://www.smackcoders.com/blog/how-to-import-csv-file-in-wordpress-without-plugin.html#importing-different-data-types-without-a-plugin,0,4,0,9.5
https://www.smackcoders.com/blog/how-to-import-csv-file-in-wordpress-without-plugin.html#methods-to-import-csv-files-into-word-press-without-a-plugin,0,22,0,9.409090909090908
https://www.smackcoders.com/blog/how-to-import-csv-file-in-wordpress-without-plugin.html#steps-for-importing-csv-to-word-press-without-a-plugin,0,18,0,9.11111111111111
https://www.smackcoders.com/blog/how-to-import-csv-file-in-wordpress-without-plugin.html#wp-cli-for-advanced-users,0,16,0,10.3125
https://www.smackcoders.com/blog/how-to-import-csv-file-in-wordpress.html,0,145,0,17.944827586206898
https://www.smackcoders.com/blog/how-to-import-csv-file-in-wordpress.html#enhancing-csv-file-imports,0,1,0,11
https://www.smackcoders.com/blog/how-to-import-csv-file-in-wordpress.html#exploring-csv-file-formats-and-delimiters,0,1,0,11
https://www.smackcoders.com/blog/how-to-import-csv-file-in-wordpress.html#plugins-for-csv-file-management,0,1,0,11
https://www.smackcoders.com/blog/how-to-import-page-to-wordpress.html#common-scenarios-and-methods-to-import-pages-into-word-press,0,41,0,9.292682926829269
https://www.smackcoders.com/blog/how-to-import-page-to-wordpress.html#step-by-step-import-word-press-pages-via-rest-api,0,41,0,9.292682926829269
https://www.smackcoders.com/blog/how-to-import-page-to-wordpress.html#types-of-pages-you-can-import,0,41,0,9.292682926829269
https://www.smackcoders.com/blog/how-to-prepare-woocommerce-for-high-traffic.html,0,27,0,7.962962962962963
https://www.smackcoders.com/blog/how-to-restore-wordpress-site-from-backup.html#import-your-word-press-website-files,0,5,0,8.4
https://www.smackcoders.com/blog/how-to-restore-wordpress-site-from-backup.html#modern-backup-tools-recommended-plugins,0,5,0,8.4
https://www.smackcoders.com/blog/how-to-restore-wordpress-site-from-backup.html#points-to-be-remembered-before-importing-a-word-press-site-from-the-backup,0,7,0,8.714285714285715
https://www.smackcoders.com/blog/how-to-restore-wordpress-site-from-backup.html#restore-word-press-site-the-benefits,0,4,0,8.75
https://www.smackcoders.com/blog/how-to-restore-wordpress-site-from-backup.html#steps-to-back-up-word-press-data,0,2,0,8
https://www.smackcoders.com/blog/how-to-restore-wordpress-site-from-backup.html#testing-your-restored-word-press-site,0,1,0,5
https://www.smackcoders.com/blog/how-to-restore-wordpress-site-from-backup.html#the-art-of-word-press-backups,0,1,0,5
https://www.smackcoders.com/blog/import-and-export-woocommerce-customers.html,0,196,0,42.11224489795919
https://www.smackcoders.com/blog/import-export-custom-post-types-plugin-data.html,0,51,0,15.627450980392156
https://www.smackcoders.com/blog/import-export-custom-post-types-plugin-data.html#about-the-custom-post-types-plugin,0,5,0,6.6
https://www.smackcoders.com/blog/import-export-custom-post-types-plugin-data.html#importing-custom-post-type-data,0,5,0,6.6
https://www.smackcoders.com/blog/import-export-elementor-as-csv.html,0,91,0,17.54945054945055
https://www.smackcoders.com/blog/import-export-gravity-forms-entries.html,0,292,0,30.513698630136986
https://www.smackcoders.com/blog/import-export-gravity-forms-entries.html#how-to-export-gravity-forms-entries,0,2,0,10
https://www.smackcoders.com/blog/import-export-gravity-forms-entries.html#preparing-your-gravity-forms-entries-for-import,0,16,0,8.875
https://www.smackcoders.com/blog/import-export-gravity-forms-entries.html#step-by-step-guide-to-import-gravity-forms-entries,0,15,0,9
https://www.smackcoders.com/blog/import-export-gravity-forms-entries.html#why-import-gravity-forms-entries-into-word-press,0,2,0,10
https://www.smackcoders.com/blog/import-export-gravity-forms-entries.html#why-wp-ultimate-csv-importer-plugin-for-gravity-forms-entries-import-export,0,3,0,9
https://www.smackcoders.com/blog/import-export-listings-business-directory-plugins.html,0,121,0,15.785123966942148
https://www.smackcoders.com/blog/import-export-listings-business-directory-plugins.html#why-use-wp-ultimate-csv-importer-for-your-directory-listings,0,2,0,9.5
https://www.smackcoders.com/blog/import-export-listings-business-directory-plugins.html#word-press-directory-plugins-you-can-use,0,2,0,9.5
https://www.smackcoders.com/blog/import-export-woocommerce-product-reviews.html,0,63,0,30.3015873015873
https://www.smackcoders.com/blog/import-posts-or-products-from-excel-to-wordpress.html,0,38,0,14.68421052631579
https://www.smackcoders.com/blog/import-woocommerce-products-with-custom-fields.html,0,63,0,15.476190476190476
https://www.smackcoders.com/blog/import-woocommerce-products-with-custom-fields.html#section-1-understanding-advanced-custom-fields-in-woo-commerce,0,1,0,6
https://www.smackcoders.com/blog/import-woocommerce-products-with-custom-fields.html#step-1-preparing-your-csv-for-advanced-custom-fields,0,1,0,6
https://www.smackcoders.com/blog/import-woocommerce-products-with-custom-fields.html#step-2-import-your-woo-commerce-data-with-advanced-custom-fields,0,1,0,6
https://www.smackcoders.com/blog/import-yith-order-tracking-data-and-export-with-csv-importer.html,0,15,0,15.266666666666667
https://www.smackcoders.com/blog/improve-core-web-vitals-in-wordpress.html,0,94,0,30.76595744680851
https://www.smackcoders.com/blog/introducing-wp-ultimate-csv-importer-8-11.html,0,7,0,6.857142857142857
https://www.smackcoders.com/blog/mastering-wpml-language-localization.html#how-to-change-language-code,0,1,0,8
https://www.smackcoders.com/blog/mastering-wpml-language-localization.html#how-to-change-the-original-language-in-wpml,0,1,0,8
https://www.smackcoders.com/blog/migrate-shopify-to-woocommerce.html,0,218,0,48.85321100917431
https://www.smackcoders.com/blog/monthly-wordpress-maintenance-checklist.html,0,121,0,50.578512396694215
https://www.smackcoders.com/blog/onc-click-import-and-migrate-wordpress.html,0,1,0,6
https://www.smackcoders.com/blog/polylang-import-products-woocommerce.html,0,66,0,22.893939393939394
https://www.smackcoders.com/blog/polylang-import-translation-guide.html#how-to-import-custom-post-types-and-custom-fields-in-multilingual-websites,0,1,0,10
https://www.smackcoders.com/blog/polylang-import-translation-guide.html#how-to-import-polylang-translated-content-in-your-multilingual-websites,0,3,0,5
https://www.smackcoders.com/blog/polylang-import-translation-guide.html#how-to-import-posts-and-pages-in-polylang-translation,0,4,0,6.25
https://www.smackcoders.com/blog/polylang-import-translation-guide.html#how-to-prepare-a-csv-to-import-the-content-of-polylang-translations,0,3,0,5
https://www.smackcoders.com/blog/polylang-plugin-for-wordpress.html,0,70,0,21.6
https://www.smackcoders.com/blog/reduce-page-load-time-on-high-content-sites.html,0,17,0,9.352941176470589
https://www.smackcoders.com/blog/scale-wordpress-for-high-traffic.html,0,356,0,31.485955056179776
https://www.smackcoders.com/blog/scaling-woocommerce-manage-products-orders.html,0,142,0,15.091549295774648
https://www.smackcoders.com/blog/security-fix-for-wp-ultimate-csv-importer.html,0,3,0,14
https://www.smackcoders.com/blog/speed-up-your-wordpress-website.html,0,155,0,76.23870967741935
https://www.smackcoders.com/blog/speed-up-your-wordpress-website.html#tip-1-choose-a-fast-and-lightweight-theme,0,1,0,5
https://www.smackcoders.com/blog/speed-up-your-wordpress-website.html#tip-3-optimize-images,0,1,0,5
https://www.smackcoders.com/blog/speed-up-your-wordpress-website.html#tip-4-enable-lazy-loading,0,1,0,5
https://www.smackcoders.com/blog/ultimate-csv-importer-8-6-wp-rentals-serialized.html,0,11,0,11.909090909090908
https://www.smackcoders.com/blog/ultimate-csv-importer-pro-v8-2.html,0,22,0,14.545454545454545
https://www.smackcoders.com/blog/update-outdated-wordpress-plugins-data.html,0,38,0,11.578947368421053
https://www.smackcoders.com/blog/voice-search-optimization.html,0,11,0,50.27272727272727
https://www.smackcoders.com/blog/woocommerce-inventory-management.html,0,97,0,5.216494845360825
https://www.smackcoders.com/blog/woocommerce-maintenance-tasks.html,0,57,0,9.789473684210526
https://www.smackcoders.com/blog/woocommerce-variable-pricing-calculator.html,0,11,0,30.272727272727273
https://www.smackcoders.com/blog/woocommerce-vs-magento-pros-and-cons.html,0,4,0,74.25
https://www.smackcoders.com/blog/wordpress-admin-productivity-hacks.html,0,6,0,9.333333333333334
https://www.smackcoders.com/blog/wordpress-backup-restore-strategy.html,0,11,0,22.727272727272727
https://www.smackcoders.com/blog/wordpress-popup-builders.html,0,14,0,30
https://www.smackcoders.com/blog/wordpress-security-best-practices.html,0,66,0,47.25757575757576
https://www.smackcoders.com/blog/wordpress-seo-guide.html,0,534,0,62.19662921348315
https://www.smackcoders.com/blog/wordpress-seo-plugins.html,0,5778,0,62.50207684319834
https://www.smackcoders.com/blog/wordpress-ultimate-csv-importer-csv-sample-files-and-updates.html#sample-files-for-word-press-csv-xml-import,0,76,0,6.421052631578948
https://www.smackcoders.com/blog/wordpress-ultimate-csv-importer-csv-sample-files-and-updates.html#whats-inside-these-sample-files,0,3,0,5.666666666666667
https://www.smackcoders.com/blog/wordpress-ultimate-csv-importer-csv-sample-files-and-updates.html#word-press-csv-import,0,76,0,6.421052631578948
https://www.smackcoders.com/blog/wordpress-ultimate-csv-importer-csv-sample-files-and-updates.html#word-press-xml-import,0,71,0,6.323943661971831
https://www.smackcoders.com/blog/wordpress-ultimate-csv-importer-csv-sample-files-and-updates.html#wp-ultimate-csv-importer-supported-plugins,0,5,0,6.2
https://www.smackcoders.com/blog/wp-query-ultimate-csv-importer-pro.html,0,15,0,8
https://www.smackcoders.com/blog/wp-ultimate-csv-importer-8-7-update.html,0,3,0,19.666666666666668
https://www.smackcoders.com/blog/wp-ultimate-csv-importer-8-8-ai-preview-validation.html,0,8,0,8.625
https://www.smackcoders.com/blog/wp-ultimate-csv-importer-pro-price-update.html,0,1,0,11
https://www.smackcoders.com/crocoblock-deals.html,0,20,0,6.45
https://www.smackcoders.com/deals.html,0,60,0,5.233333333333333
https://www.smackcoders.com/documentation/easy-inventory/easy-inventory-and-stock-manager,0,11,0,10.454545454545455
https://www.smackcoders.com/documentation/follow-up-email/follow-up-emails-plugin,0,23,0,9.130434782608695
https://www.smackcoders.com/documentation/woocommerce-to-shopify-integration/w2s-getting-started,0,27,0,19.51851851851852
https://www.smackcoders.com/documentation/woocommerce-to-shopify-integration/w2s-pro-features,0,1,0,35
https://www.smackcoders.com/documentation/woocommerce-to-shopify-integration/woocommerce-shopify-product-sync,0,6,0,7.333333333333333
https://www.smackcoders.com/documentation/woocommerce-to-shopify-integration/woocommerce-to-shopify-customer-sync,0,5,0,7.8
https://www.smackcoders.com/documentation/woocommerce-to-shopify-integration/woocommerce-to-shopify-field-mapping,0,1,0,1
https://www.smackcoders.com/documentation/woocommerce-to-shopify-integration/woocommerce-to-shopify-integration-authentication-setup,0,31,0,10.451612903225806
https://www.smackcoders.com/documentation/woocommerce-to-shopify-integration/woocommerce-to-shopify-integration-plugin,0,90,0,54.28888888888889
https://www.smackcoders.com/documentation/woocommerce-to-shopify-integration/woocommerce-to-shopify-order-sync,0,38,0,8.657894736842106
https://www.smackcoders.com/documentation/woocommerce-to-shopify-integration/woocommerce-to-shopify-sync-faq,0,51,0,12.901960784313726
https://www.smackcoders.com/documentation/wordpress-leads-builder-for-any-crm-pro/e-commerce-integration,0,10,0,8.1
https://www.smackcoders.com/documentation/wordpress-leads-builder-for-any-crm-pro/faq-leads-builder,0,4,0,18.75
https://www.smackcoders.com/documentation/wordpress-leads-builder-for-any-crm-pro/lead-builder-for-any-crm,0,70,0,14.971428571428572
https://www.smackcoders.com/documentation/wp-ultimate-csv-importer,0,7,0,8.714285714285715
https://www.smackcoders.com/documentation/wp-ultimate-csv-importer-pro,0,12,0,6.583333333333333
https://www.smackcoders.com/documentation/wp-ultimate-csv-importer-pro/acf-import#0-toc-title,0,20,0,5.4
https://www.smackcoders.com/documentation/wp-ultimate-csv-importer-pro/acf-import#1-toc-title,0,19,0,5.315789473684211
https://www.smackcoders.com/documentation/wp-ultimate-csv-importer-pro/acf-import#3-toc-title,0,20,0,5.4
https://www.smackcoders.com/documentation/wp-ultimate-csv-importer-pro/acf-import#4-toc-title,0,1,0,7
https://www.smackcoders.com/documentation/wp-ultimate-csv-importer-pro/advanced-import-filters,0,14,0,7.5
https://www.smackcoders.com/documentation/wp-ultimate-csv-importer-pro/ai-integration,0,3,0,10.333333333333334
https://www.smackcoders.com/documentation/wp-ultimate-csv-importer-pro/bbpress-import-and-update,0,26,0,24.5
https://www.smackcoders.com/documentation/wp-ultimate-csv-importer-pro/chatgpt-integration,0,10,0,7.9
https://www.smackcoders.com/documentation/wp-ultimate-csv-importer-pro/custom-field-suite-import,0,32,0,11.90625
https://www.smackcoders.com/documentation/wp-ultimate-csv-importer-pro/export-wordpress-data-using-wp-query,0,69,0,5.927536231884058
https://www.smackcoders.com/documentation/wp-ultimate-csv-importer-pro/how-to-import-csv,0,60,0,19.533333333333335
https://www.smackcoders.com/documentation/wp-ultimate-csv-importer-pro/how-to-import-schedule-or-update#0-toc-title,0,2,0,2
https://www.smackcoders.com/documentation/wp-ultimate-csv-importer-pro/how-to-import-schedule-or-update#1-toc-title,0,2,0,2
https://www.smackcoders.com/documentation/wp-ultimate-csv-importer-pro/how-to-import-schedule-or-update#3-toc-title,0,2,0,2
https://www.smackcoders.com/documentation/wp-ultimate-csv-importer-pro/how-to-import-variable-products-in-woocommerce#0-toc-title,0,3,0,6
https://www.smackcoders.com/documentation/wp-ultimate-csv-importer-pro/how-to-import-variable-products-in-woocommerce#2-toc-title,0,3,0,6
https://www.smackcoders.com/documentation/wp-ultimate-csv-importer-pro/how-to-import-woocommerce-orders,0,179,0,49.960893854748605
https://www.smackcoders.com/documentation/wp-ultimate-csv-importer-pro/import-and-export-listings-and-owners-in-wp-rentals,0,9,0,8.666666666666668
https://www.smackcoders.com/documentation/wp-ultimate-csv-importer-pro/import-and-export-nextgen-gallery-images#0-toc-title,0,18,0,5.111111111111111
https://www.smackcoders.com/documentation/wp-ultimate-csv-importer-pro/import-and-export-nextgen-gallery-images#1-toc-title,0,18,0,5.111111111111111
https://www.smackcoders.com/documentation/wp-ultimate-csv-importer-pro/import-and-export-nextgen-gallery-images#2-toc-title,0,18,0,5.111111111111111
https://www.smackcoders.com/documentation/wp-ultimate-csv-importer-pro/import-and-export-wordpress-users,0,81,0,40.41975308641975
https://www.smackcoders.com/documentation/wp-ultimate-csv-importer-pro/import-business-directory-listings-in-wordpress,0,36,0,7.722222222222222
https://www.smackcoders.com/documentation/wp-ultimate-csv-importer-pro/import-data-from-excel-to-wordpress,0,64,0,24.953125
https://www.smackcoders.com/documentation/wp-ultimate-csv-importer-pro/import-events-into-wordpress,0,26,0,9.346153846153847
https://www.smackcoders.com/documentation/wp-ultimate-csv-importer-pro/import-export-acpt-fields-in-wordpress,0,27,0,9.25925925925926
https://www.smackcoders.com/documentation/wp-ultimate-csv-importer-pro/import-export-edd-customers,0,8,0,19.75
https://www.smackcoders.com/documentation/wp-ultimate-csv-importer-pro/import-export-edd-discounts,0,5,0,12
https://www.smackcoders.com/documentation/wp-ultimate-csv-importer-pro/import-export-edd-downloads,0,7,0,9.571428571428571
https://www.smackcoders.com/documentation/wp-ultimate-csv-importer-pro/import-export-edd-orders,0,84,0,4.7976190476190474
https://www.smackcoders.com/documentation/wp-ultimate-csv-importer-pro/import-export-users-with-multiple-user-roles,0,26,0,10.73076923076923
https://www.smackcoders.com/documentation/wp-ultimate-csv-importer-pro/import-images-into-wordpress#0-toc-title,0,6,0,3.6666666666666665
https://www.smackcoders.com/documentation/wp-ultimate-csv-importer-pro/import-images-into-wordpress#1-toc-title,0,6,0,3.6666666666666665
https://www.smackcoders.com/documentation/wp-ultimate-csv-importer-pro/import-jetreview-data-into-wordpress,0,24,0,11.083333333333334
https://www.smackcoders.com/documentation/wp-ultimate-csv-importer-pro/import-woocommerce-customers,0,111,0,50.765765765765764
https://www.smackcoders.com/documentation/wp-ultimate-csv-importer-pro/import-wordpress-categories-and-tags,0,115,0,18.008695652173913
https://www.smackcoders.com/documentation/wp-ultimate-csv-importer-pro/import-wordpress-categories-and-tags#0-toc-title,0,1,0,12
https://www.smackcoders.com/documentation/wp-ultimate-csv-importer-pro/import-wordpress-categories-and-tags#1-toc-title,0,13,0,5.076923076923077
https://www.smackcoders.com/documentation/wp-ultimate-csv-importer-pro/import-wordpress-categories-and-tags#2-toc-title,0,13,0,5.076923076923077
https://www.smackcoders.com/documentation/wp-ultimate-csv-importer-pro/import-wordpress-categories-and-tags#3-toc-title,0,13,0,5.076923076923077
https://www.smackcoders.com/documentation/wp-ultimate-csv-importer-pro/importer-faq#0-toc-title,0,1,0,4
https://www.smackcoders.com/documentation/wp-ultimate-csv-importer-pro/importer-faq#6-toc-title,0,2,0,4.5
https://www.smackcoders.com/documentation/wp-ultimate-csv-importer-pro/importer-faq#8-toc-title,0,1,0,5
https://www.smackcoders.com/documentation/wp-ultimate-csv-importer-pro/iteration-based-import,0,1,0,6
https://www.smackcoders.com/documentation/wp-ultimate-csv-importer-pro/jet-engine-data-import,0,169,0,8.775147928994084
https://www.smackcoders.com/documentation/wp-ultimate-csv-importer-pro/jet-engine-data-import#0-toc-title,0,7,0,7.571428571428571
https://www.smackcoders.com/documentation/wp-ultimate-csv-importer-pro/jet-engine-data-import#3-toc-title,0,7,0,7.571428571428571
https://www.smackcoders.com/documentation/wp-ultimate-csv-importer-pro/let-clients-export-wordpress-data,0,6,0,8.166666666666668
https://www.smackcoders.com/documentation/wp-ultimate-csv-importer-pro/meta-box-custom-field-cloneable,0,6,0,4.666666666666666
https://www.smackcoders.com/documentation/wp-ultimate-csv-importer-pro/metabox-import-export,0,129,0,8.054263565891473
https://www.smackcoders.com/documentation/wp-ultimate-csv-importer-pro/migrate-wordpress-and-woocommerce-data,0,14,0,58.214285714285715
https://www.smackcoders.com/documentation/wp-ultimate-csv-importer-pro/post-page-custompost-import,0,28,0,12.928571428571429
https://www.smackcoders.com/documentation/wp-ultimate-csv-importer-pro/rankmath-data-import-and-export,0,342,0,11.412280701754385
https://www.smackcoders.com/documentation/wp-ultimate-csv-importer-pro/rankmath-data-import-and-export#2-toc-title,0,4,0,6.25
https://www.smackcoders.com/documentation/wp-ultimate-csv-importer-pro/rankmath-data-import-and-export#5-toc-title,0,4,0,6.25
https://www.smackcoders.com/documentation/wp-ultimate-csv-importer-pro/seopress-import-export,0,30,0,46.06666666666667
https://www.smackcoders.com/documentation/wp-ultimate-csv-importer-pro/slim-seo-metadata-import-export,0,32,0,13.1875
https://www.smackcoders.com/documentation/wp-ultimate-csv-importer-pro/the-events-calendar-import-export,0,21,0,7.380952380952381
https://www.smackcoders.com/documentation/wp-ultimate-csv-importer-pro/toolset-types-import,0,44,0,34.36363636363637
https://www.smackcoders.com/documentation/wp-ultimate-csv-importer-pro/what-is-elementor-import-export,0,87,0,6.264367816091954
https://www.smackcoders.com/documentation/wp-ultimate-csv-importer-pro/woocommerces#0-toc-title,0,1,0,11
https://www.smackcoders.com/documentation/wp-ultimate-csv-importer-pro/woocommerces#5-toc-title,0,1,0,11
https://www.smackcoders.com/documentation/wp-ultimate-csv-importer-pro/woocommerces#6-toc-title,0,1,0,11
https://www.smackcoders.com/documentation/wp-ultimate-csv-importer-pro/wordpress-export-import-single-page,0,103,0,21.805825242718445
https://www.smackcoders.com/documentation/wp-ultimate-csv-importer-pro/wpml-multilingual-import,0,49,0,12.510204081632653
https://www.smackcoders.com/documentation/wp-ultimate-exporter/wordpress-exporter-guide,0,8,0,7.25
https://www.smackcoders.com/easy-inventory-and-stock-manager-for-woocommerce.html,0,87,0,40.95402298850575
https://www.smackcoders.com/es,0,2,0,7.5
https://www.smackcoders.com/es/administrador-de-bibliotecas-de-medios-aio-wp.html,0,2,0,32
https://www.smackcoders.com/es/atencion-al-cliente-smackcoders.html,0,2,0,79.5
https://www.smackcoders.com/es/blog/acelera-tu-sitio-web-de-wordpress.html,0,7,0,88.71428571428571
https://www.smackcoders.com/es/blog/como-anadir-urls-externas-a-las-imagenes-destacadas-en-wordpress.html#como-obtener-url-de-imagenes-destacadas-en-publicaciones-paginas-de-word-press,0,5,0,5
https://www.smackcoders.com/es/blog/como-anadir-urls-externas-a-las-imagenes-destacadas-en-wordpress.html#importacion-masiva-de-url-externas-a-imagenes-destacadas-en-publicaciones-paginas-y-publicaciones-personalizadas-de-word-press,0,5,0,5
https://www.smackcoders.com/es/blog/como-crear-e-importar-tipos-de-publicaciones-personalizadas-en-wordpress.html,0,8,0,14.375
https://www.smackcoders.com/es/blog/como-exportar-e-importar-campos-personalizados-avanzados.html,0,32,0,5.3125
https://www.smackcoders.com/es/blog/como-exportar-usuarios-de-wordpress-una-guia-paso-a-paso.html,0,26,0,14.73076923076923
https://www.smackcoders.com/es/blog/como-exportar-usuarios-de-wordpress-una-guia-paso-a-paso.html#2-uso-del-comando-wp-cli,0,2,0,5
https://www.smackcoders.com/es/blog/como-exportar-usuarios-de-wordpress-una-guia-paso-a-paso.html#4-servicios-de-terceros,0,1,0,10
https://www.smackcoders.com/es/blog/como-exportar-usuarios-de-wordpress-una-guia-paso-a-paso.html#como-exportar-usuarios-de-word-press-con-el-plugin-wp-ultimate-csv-importer,0,3,0,6.666666666666667
https://www.smackcoders.com/es/blog/como-exportar-usuarios-de-wordpress-una-guia-paso-a-paso.html#metodos-para-exportar-usuarios-de-word-press,0,3,0,6.666666666666667
https://www.smackcoders.com/es/blog/como-habilitar-y-configurar-wp-cron.html#hooking-wp-cron-in-the-task-scheduler,0,2,0,6
https://www.smackcoders.com/es/blog/como-habilitar-y-configurar-wp-cron.html#is-word-press-cron-enabled-how-to-enable-word-press-cron,0,6,0,7
https://www.smackcoders.com/es/blog/como-habilitar-y-configurar-wp-cron.html#mac-linux,0,8,0,6.75
https://www.smackcoders.com/es/blog/como-habilitar-y-configurar-wp-cron.html#word-press-cron-job-or-wp-cron-not-working,0,8,0,6.75
https://www.smackcoders.com/es/blog/como-importar-archivos-csv-a-wordpress-de-manera-eficiente.html#enhancing-csv-file-imports,0,3,0,3.3333333333333335
https://www.smackcoders.com/es/blog/como-importar-archivos-csv-a-wordpress-de-manera-eficiente.html#introduction-to-csv-files-and-word-press,0,11,0,3.090909090909091
https://www.smackcoders.com/es/blog/como-importar-archivos-csv-a-wordpress-de-manera-eficiente.html#methods-for-importing-csv-files,0,10,0,2.8
https://www.smackcoders.com/es/blog/como-importar-archivos-csv-a-wordpress-de-manera-eficiente.html#troubleshooting-and-common-issues,0,9,0,2.888888888888889
https://www.smackcoders.com/es/blog/como-instalar-cargadores-ioncube-para-varios-tipos-de-alojamiento.html,0,55,0,6.6
https://www.smackcoders.com/es/blog/como-instalar-wamp-y-xampp.html#pasos-para-importar-un-importador-de-csv,0,7,0,6.428571428571429
https://www.smackcoders.com/es/blog/como-instalar-wamp-y-xampp.html#por-que-xampp-y-wamp-son-esenciales-para-los-usuarios-importadores-de-csv,0,7,0,3.2857142857142856
https://www.smackcoders.com/es/blog/como-instalar-wamp-y-xampp.html#procedimiento-de-instalacion,0,7,0,6.142857142857143
https://www.smackcoders.com/es/blog/como-instalar-wamp-y-xampp.html#servidor-xampp,0,10,0,5.2
https://www.smackcoders.com/es/blog/correccion-de-seguridad-para-el-wp-ultimate-csv-importer.html,0,2,0,12.5
https://www.smackcoders.com/es/blog/creacion-de-taxonomias-personalizadas-con-el-complemento-acf-una-guia-paso-a-paso.html,0,28,0,13.071428571428571
https://www.smackcoders.com/es/blog/exportar-importar-una-sola-publicacion.html,0,37,0,29.81081081081081
https://www.smackcoders.com/es/blog/exportar-importar-una-sola-publicacion.html#key-benefits-of-this-feature,0,1,0,12
https://www.smackcoders.com/es/blog/exportar-importar-una-sola-publicacion.html#key-features-of-single-post-csv-import-export,0,1,0,3
https://www.smackcoders.com/es/blog/exportar-importar-una-sola-publicacion.html#why-do-you-need-to-export-and-import-single-post-page-custom-post-record,0,2,0,7.5
https://www.smackcoders.com/es/blog/exportar-pedidos-de-woocommerce-a-hojas-de-calculo-de-google.html,0,4,0,9
https://www.smackcoders.com/es/blog/funciones-avanzadas-de-polylang-para-sitios-web-multilingues.html,0,12,0,9
https://www.smackcoders.com/es/blog/ia-en-wordpress.html,0,41,0,17.78048780487805
https://www.smackcoders.com/es/blog/importar-exportar-resenas-productos-woocommerce.html,0,31,0,39.774193548387096
https://www.smackcoders.com/es/blog/importar-paginas-a-wordpress-una-guia-util.html,0,59,0,4.101694915254237
https://www.smackcoders.com/es/blog/importar-productos-de-woocommerce-con-campos-personalizados.html,0,32,0,8.53125
https://www.smackcoders.com/es/blog/personalizacion-impulsada-por-ia.html,0,16,0,5.25
https://www.smackcoders.com/es/blog/plugins-de-afiliados-de-woocommerce.html,0,4,0,7.5
https://www.smackcoders.com/es/blog/plugins-seo-de-wordpress.html,0,2,0,7
https://www.smackcoders.com/es/blog/tecnicas-avanzadas-para-importar-y-exportar-wordpress.html,0,12,0,8.5
https://www.smackcoders.com/es/blog/tecnicas-avanzadas-para-importar-y-exportar-wordpress.html#importacion-de-datos-de-word-press-a-un-nuevo-servidor,0,2,0,9
https://www.smackcoders.com/es/blog/tecnicas-avanzadas-para-importar-y-exportar-wordpress.html#plugins-de-importacion-exportacion-en-word-press,0,2,0,9
https://www.smackcoders.com/es/blog/tienda-woocommerce-para-usuarios-moviles.html,0,1,0,1
https://www.smackcoders.com/es/blog/video-marketing-de-comercio-electronico.html,0,30,0,51.93333333333333
https://www.smackcoders.com/es/contactenos.html,0,1,0,2
https://www.smackcoders.com/es/creador-de-leads-de-wordpress-para-cualquier-crm.html,0,12,0,39.083333333333336
https://www.smackcoders.com/es/documentation.html,0,1,0,7
https://www.smackcoders.com/es/documentation/creador-de-prospectos-de-wordpress-para-cualquier-profesional-de-crm/preguntas-frecuentes-sobre-el-lead-builder-y-videos,0,1,0,11
https://www.smackcoders.com/es/documentation/creador-de-prospectos-de-wordpress-para-cualquier-profesional-de-crm/wp-lead-builder-para-cualquier-crm,0,1,0,9
https://www.smackcoders.com/es/documentation/wp-exportador-definitivo/introduccion-exportador-definitivo,0,41,0,32.21951219512195
https://www.smackcoders.com/es/documentation/wp-ultimate-csv-importer-pro/como-importar-productos-variables-en-woocommerce,0,60,0,10.85
https://www.smackcoders.com/es/documentation/wp-ultimate-csv-importer-pro/como-importar-productos-variables-en-woocommerce#0-toc-title,0,5,0,4.2
https://www.smackcoders.com/es/documentation/wp-ultimate-csv-importer-pro/como-importar-productos-variables-en-woocommerce#1-toc-title,0,2,0,6
https://www.smackcoders.com/es/documentation/wp-ultimate-csv-importer-pro/como-importar-productos-variables-en-woocommerce#2-toc-title,0,3,0,3
https://www.smackcoders.com/es/documentation/wp-ultimate-csv-importer-pro/exportacion-de-wordpress-importar-una-sola-pagina,0,20,0,54.7
https://www.smackcoders.com/es/documentation/wp-ultimate-csv-importer-pro/exportar-datos-de-wordpress-mediante-wp-query,0,4,0,32
https://www.smackcoders.com/es/documentation/wp-ultimate-csv-importer-pro/guia-de-solucion-de-problemas,0,23,0,2.3043478260869565
https://www.smackcoders.com/es/documentation/wp-ultimate-csv-importer-pro/importacion-de-csv-de-woocommerce,0,53,0,8.433962264150942
https://www.smackcoders.com/es/documentation/wp-ultimate-csv-importer-pro/importacion-de-datos-de-learnpress,0,6,0,7.666666666666667
https://www.smackcoders.com/es/documentation/wp-ultimate-csv-importer-pro/importacion-de-datos-de-motores-a-reaccion,0,14,0,7.714285714285714
https://www.smackcoders.com/es/documentation/wp-ultimate-csv-importer-pro/importacion-multilingue-de-wp,0,1,0,8
https://www.smackcoders.com/es/documentation/wp-ultimate-csv-importer-pro/importacion-y-actualizacion-avanzada-de-campos-personalizados,0,7,0,18.714285714285715
https://www.smackcoders.com/es/documentation/wp-ultimate-csv-importer-pro/importacion-y-exportacion-de-datos-de-rankmath,0,8,0,16.375
https://www.smackcoders.com/es/documentation/wp-ultimate-csv-importer-pro/importar-clientes-de-woocommerce,0,17,0,62.88235294117647
https://www.smackcoders.com/es/documentation/wp-ultimate-csv-importer-pro/importar-datos-de-excel-a-wordpress,0,40,0,7.175
https://www.smackcoders.com/es/documentation/wp-ultimate-csv-importer-pro/importar-exportar-datos-de-jetbookings,0,6,0,12.333333333333334
https://www.smackcoders.com/es/documentation/wp-ultimate-csv-importer-pro/importar-imagenes-en-wordpress,0,17,0,8.470588235294118
https://www.smackcoders.com/es/documentation/wp-ultimate-csv-importer-pro/importar-listados-de-directorios-comerciales-en-wordpress,0,3,0,10
https://www.smackcoders.com/es/documentation/wp-ultimate-csv-importer-pro/importar-pedidos-de-woocommerce,0,7,0,3.4285714285714284
https://www.smackcoders.com/es/documentation/wp-ultimate-csv-importer-pro/importar-y-exportar-campos-acpt-en-wordpress,0,1,0,10
https://www.smackcoders.com/es/documentation/wp-ultimate-csv-importer-pro/importar-y-exportar-datos-lms-en-wordpress,0,15,0,5.733333333333333
https://www.smackcoders.com/es/documentation/wp-ultimate-csv-importer-pro/importar-y-exportar-imagenes-de-la-galeria-nextgen,0,8,0,3.125
https://www.smackcoders.com/es/documentation/wp-ultimate-csv-importer-pro/importar-y-exportar-resenas-de-woocommerce,0,10,0,45.9
https://www.smackcoders.com/es/documentation/wp-ultimate-csv-importer-pro/importar-y-exportar-usuarios-de-wordpress,0,31,0,10.483870967741936
https://www.smackcoders.com/es/documentation/wp-ultimate-csv-importer-pro/introduccion-al-plugin-de-wordpress-ultimate-csv-xml-importer,0,33,0,6.848484848484849
https://www.smackcoders.com/es/documentation/wp-ultimate-csv-importer-pro/meta-box-campos-personalizados-importacion-de-datos-exportacion,0,9,0,22.666666666666668
https://www.smackcoders.com/es/documentation/wp-ultimate-csv-importer-pro/migrar-datos-de-wordpress-y-woocommerce,0,5,0,18.6
https://www.smackcoders.com/es/documentation/wp-ultimate-csv-importer-pro/modulos-de-importacion-csv-definitivos-de-wordpress,0,10,0,7.5
https://www.smackcoders.com/es/documentation/wp-ultimate-csv-importer-pro/preguntas-frecuentes-relacionadas-con-wp-ultimate-csv-importer,0,1,0,9
https://www.smackcoders.com/es/documentation/wp-ultimate-csv-importer-pro/que-es-elementor-import-export,0,10,0,10.9
https://www.smackcoders.com/es/documentation/wp-ultimate-csv-importer-pro/seopress-importacion-y-exportacion,0,1,0,14
https://www.smackcoders.com/es/plugins-inteligentes-para-wordpress.html,0,3,0,26.666666666666668
https://www.smackcoders.com/es/politica-de-privacidad.html,0,1,0,8
https://www.smackcoders.com/es/wp-exportador-definitivo.html,0,1,0,59
https://www.smackcoders.com/es/wp-ultimate-csv-importer-pro/importacion-de-metadatos-seo.html,0,4,0,32
https://www.smackcoders.com/es/wp-ultimate-csv-importer-pro/importar-campos-personalizados-acf-desde-csv.html,0,3,0,8.333333333333332
https://www.smackcoders.com/es/wp-ultimate-csv-importer-pro/importar-contenido-multilingue-de-wpml.html,0,2,0,47.5
https://www.smackcoders.com/es/wp-ultimate-csv-importer-pro/importar-productos-de-woocommerce.html,0,12,0,13.166666666666666
https://www.smackcoders.com/ja/about-us.html,0,2,0,6.5
https://www.smackcoders.com/ja/aio-wp-media-library-manager.html,0,2,0,4
https://www.smackcoders.com/ja/blog/add-external-urls-to-featured-images-wordpress.html#how-to-add-external-url-links-to-word-press-posts-pages,0,81,0,6.493827160493828
https://www.smackcoders.com/ja/blog/add-external-urls-to-featured-images-wordpress.html#how-to-extract-fifu-featured-images-and-alt-text-data-from-word-press,0,19,0,8.052631578947368
https://www.smackcoders.com/ja/blog/add-external-urls-to-featured-images-wordpress.html#how-to-get-featured-image-ur-ls-in-word-press-posts-pages,0,54,0,6.555555555555555
https://www.smackcoders.com/ja/blog/add-external-urls-to-featured-images-wordpress.html#how-to-hide-featured-images-in-word-press-posts-and-pages,0,19,0,8.052631578947368
https://www.smackcoders.com/ja/blog/add-external-urls-to-featured-images-wordpress.html#importing-bulk-external-ur-ls-to-featured-images-in-word-press-posts-pages-and-custom-posts,0,102,0,6.2745098039215685
https://www.smackcoders.com/ja/blog/add-external-urls-to-featured-images-wordpress.html#install-word-press-featured-image-from-url-fifu-plugin,0,25,0,7.44
https://www.smackcoders.com/ja/blog/advanced-techniques-for-wordpress-import-and-export.html#%E3%82%BB%E3%83%AB%E3%83%95%E3%83%9B%E3%82%B9%E3%83%86%E3%82%A3%E3%83%B3%E3%82%B0%E3%81%AE-word-press-%E3%82%B5%E3%82%A4%E3%83%88-%E3%82%B3%E3%83%B3%E3%83%86%E3%83%B3%E3%83%84%E3%81%AE%E3%82%A8%E3%82%AF%E3%82%B9%E3%83%9D%E3%83%BC%E3%83%88,0,7,0,7.571428571428571
https://www.smackcoders.com/ja/blog/advanced-techniques-for-wordpress-import-and-export.html#%E4%BA%BA%E6%B0%97%E3%81%AE%E3%83%97%E3%83%A9%E3%82%B0%E3%82%A4%E3%83%B3%E3%81%AE%E6%A6%82%E8%A6%81,0,2,0,6.5
https://www.smackcoders.com/ja/blog/advanced-techniques-for-wordpress-import-and-export.html#%E5%90%84%E3%83%97%E3%83%A9%E3%82%B0%E3%82%A4%E3%83%B3%E3%81%AE%E3%82%B9%E3%83%86%E3%83%83%E3%83%97%E3%83%90%E3%82%A4%E3%82%B9%E3%83%86%E3%83%83%E3%83%97-%E3%82%AC%E3%82%A4%E3%83%89,0,1,0,7
https://www.smackcoders.com/ja/blog/advanced-techniques-for-wordpress-import-and-export.html#%E5%90%84%E3%83%97%E3%83%A9%E3%82%B0%E3%82%A4%E3%83%B3%E3%81%AE%E9%95%B7%E6%89%80%E3%81%A8%E7%9F%AD%E6%89%80,0,6,0,7.833333333333333
https://www.smackcoders.com/ja/blog/advanced-techniques-for-wordpress-import-and-export.html#php-my-admin-%E3%82%92%E4%BD%BF%E7%94%A8%E3%81%97%E3%81%9F%E3%83%87%E3%83%BC%E3%82%BF%E3%83%99%E3%83%BC%E3%82%B9%E3%81%AE%E3%82%A8%E3%82%AF%E3%82%B9%E3%83%9D%E3%83%BC%E3%83%88,0,1,0,7
https://www.smackcoders.com/ja/blog/advanced-techniques-for-wordpress-import-and-export.html#word-press%E3%82%A4%E3%83%B3%E3%83%9D%E3%83%BC%E3%83%88-%E3%82%A8%E3%82%AF%E3%82%B9%E3%83%9D%E3%83%BC%E3%83%88-%E3%83%97%E3%83%A9%E3%82%B0%E3%82%A4%E3%83%B3,0,7,0,7.571428571428571
https://www.smackcoders.com/ja/blog/advanced-techniques-for-wordpress-import-and-export.html#word-press-%E3%83%87%E3%83%BC%E3%82%BF%E3%82%92%E6%96%B0%E3%81%97%E3%81%84%E3%83%9B%E3%82%B9%E3%83%88%E3%81%AB%E3%82%A4%E3%83%B3%E3%83%9D%E3%83%BC%E3%83%88%E3%81%99%E3%82%8B,0,1,0,7
https://www.smackcoders.com/ja/blog/ai-in-wordpress.html,0,23,0,18.91304347826087
https://www.smackcoders.com/ja/blog/create-custom-fields-with-acf-in-wordpress.html#how-to-create-and-add-fields-with-acf,0,1,0,5
https://www.smackcoders.com/ja/blog/create-custom-fields-with-acf-in-wordpress.html#why-acf-to-create-custom-fields,0,1,0,5
https://www.smackcoders.com/ja/blog/enable-configure-wp-cron.html#hooking-wp-cron-in-the-task-scheduler,0,29,0,5.620689655172414
https://www.smackcoders.com/ja/blog/enable-configure-wp-cron.html#is-word-press-cron-enabled-how-to-enable-word-press-cron,0,17,0,4.470588235294118
https://www.smackcoders.com/ja/blog/enable-configure-wp-cron.html#mac-linux,0,37,0,5.351351351351352
https://www.smackcoders.com/ja/blog/enable-configure-wp-cron.html#word-press-cron-job-or-wp-cron-not-working,0,33,0,5.696969696969697
https://www.smackcoders.com/ja/blog/export-import-advanced-custom-fields-csv-wordpress.html#acf-field-types-explained,0,26,0,4.5
https://www.smackcoders.com/ja/blog/export-import-advanced-custom-fields-csv-wordpress.html#export-import-of-advanced-custom-fields-data-from-csv,0,28,0,4.785714285714286
https://www.smackcoders.com/ja/blog/export-import-advanced-custom-fields-csv-wordpress.html#wp-ultimate-csv-importer-pro,0,5,0,4.8
https://www.smackcoders.com/ja/blog/export-woocommerce-orders-to-google-sheets.html,0,5,0,8.2
https://www.smackcoders.com/ja/blog/how-to-export-wordpress-users.html#%E3%83%A6%E3%83%BC%E3%82%B6%E3%83%BC%E3%82%A8%E3%82%AF%E3%82%B9%E3%83%9D%E3%83%BC%E3%83%88%E3%81%AE%E5%9F%BA%E6%9C%AC,0,2,0,6
https://www.smackcoders.com/ja/blog/how-to-export-wordpress-users.html#1-php-my-admin%E3%83%A1%E3%82%BD%E3%83%83%E3%83%89%E3%81%AE%E4%BD%BF%E7%94%A8,0,2,0,6
https://www.smackcoders.com/ja/blog/how-to-export-wordpress-users.html#2-wp-cli%E3%82%B3%E3%83%9E%E3%83%B3%E3%83%89%E3%81%AE%E4%BD%BF%E7%94%A8,0,2,0,6
https://www.smackcoders.com/ja/blog/how-to-export-wordpress-users.html#4-%E7%AC%AC%E4%B8%89%E8%80%85%E3%82%B5%E3%83%BC%E3%83%93%E3%82%B9,0,7,0,6
https://www.smackcoders.com/ja/blog/how-to-export-wordpress-users.html#word-press%E3%83%A6%E3%83%BC%E3%82%B6%E3%83%BC%E3%82%92%E3%82%A8%E3%82%AF%E3%82%B9%E3%83%9D%E3%83%BC%E3%83%88%E3%81%99%E3%82%8B%E6%96%B9%E6%B3%95,0,7,0,6
https://www.smackcoders.com/ja/blog/how-to-export-wordpress-users.html#wp-ultimate-csv-importer%E3%83%97%E3%83%A9%E3%82%B0%E3%82%A4%E3%83%B3%E3%82%92%E4%BD%BF%E7%94%A8%E3%81%97%E3%81%A6-word-press%E3%83%A6%E3%83%BC%E3%82%B6%E3%83%BC%E3%82%92%E3%82%A8%E3%82%AF%E3%82%B9%E3%83%9D%E3%83%BC%E3%83%88%E3%81%99%E3%82%8B%E6%96%B9%E6%B3%95,0,7,0,6
https://www.smackcoders.com/ja/blog/how-to-import-csv-file-in-wordpress-without-plugin.html#importing-different-data-types-without-a-plugin,0,3,0,7.333333333333333
https://www.smackcoders.com/ja/blog/how-to-import-csv-file-in-wordpress-without-plugin.html#steps-for-importing-csv-to-word-press-without-a-plugin,0,3,0,7.333333333333333
https://www.smackcoders.com/ja/blog/how-to-import-csv-file-in-wordpress-without-plugin.html#when-and-why-to-import-cs-vs-without-plugins,0,3,0,7.333333333333333
https://www.smackcoders.com/ja/blog/how-to-import-csv-file-in-wordpress-without-plugin.html#wp-cli-for-advanced-users-2025,0,3,0,7.333333333333333
https://www.smackcoders.com/ja/blog/how-to-import-csv-file-in-wordpress.html#%E3%83%88%E3%83%A9%E3%83%96%E3%83%AB%E3%82%B7%E3%83%A5%E3%83%BC%E3%83%86%E3%82%A3%E3%83%B3%E3%82%B0%E3%81%A8%E4%B8%80%E8%88%AC%E7%9A%84%E3%81%AA%E5%95%8F%E9%A1%8C,0,3,0,7
https://www.smackcoders.com/ja/blog/how-to-import-csv-file-in-wordpress.html#%E5%9F%BA%E6%9C%AC%E3%81%AE%E7%90%86%E8%A7%A3,0,54,0,5.648148148148148
https://www.smackcoders.com/ja/blog/how-to-import-csv-file-in-wordpress.html#csv%E3%83%95%E3%82%A1%E3%82%A4%E3%83%AB%E3%81%A8-word-press%E3%81%AE%E7%B4%B9%E4%BB%8B,0,21,0,6.095238095238095
https://www.smackcoders.com/ja/blog/how-to-import-csv-file-in-wordpress.html#csv-%E3%83%95%E3%82%A1%E3%82%A4%E3%83%AB%E3%81%AE%E3%82%A4%E3%83%B3%E3%83%9D%E3%83%BC%E3%83%88%E3%81%AE%E5%BC%B7%E5%8C%96,0,54,0,5.648148148148148
https://www.smackcoders.com/ja/blog/how-to-import-csv-file-in-wordpress.html#csv-%E3%83%95%E3%82%A1%E3%82%A4%E3%83%AB%E3%81%AE%E3%82%A4%E3%83%B3%E3%83%9D%E3%83%BC%E3%83%88%E6%96%B9%E6%B3%95,0,36,0,5.5
https://www.smackcoders.com/ja/blog/how-to-import-page-to-wordpress.html#common-scenarios-and-methods-to-import-pages-into-word-press,0,8,0,5.75
https://www.smackcoders.com/ja/blog/how-to-import-page-to-wordpress.html#how-to-import-a-page-from-another-website-in-word-press,0,8,0,5.75
https://www.smackcoders.com/ja/blog/how-to-import-page-to-wordpress.html#types-of-pages-you-can-import,0,8,0,5.75
https://www.smackcoders.com/ja/blog/how-to-import-page-to-wordpress.html#why-import-pages-into-word-press,0,8,0,5.75
https://www.smackcoders.com/ja/blog/import-export-custom-post-types-plugin-data.html#about-the-custom-post-types-plugin,0,16,0,6
https://www.smackcoders.com/ja/blog/import-export-custom-post-types-plugin-data.html#importing-custom-post-type-data,0,17,0,5.882352941176471
https://www.smackcoders.com/ja/blog/import-export-custom-post-types-plugin-data.html#step-by-step-guide-to-importing,0,1,0,4
https://www.smackcoders.com/ja/blog/import-woocommerce-products-with-custom-fields.html,0,8,0,5.875
https://www.smackcoders.com/ja/blog/import-woocommerce-products-with-custom-fields.html#section-1-understanding-advanced-custom-fields-in-woo-commerce,0,1,0,2
https://www.smackcoders.com/ja/blog/import-woocommerce-products-with-custom-fields.html#step-2-import-your-woo-commerce-data-with-advanced-custom-fields,0,1,0,2
https://www.smackcoders.com/ja/blog/import-woocommerce-products-with-custom-fields.html#what-acf-does,0,1,0,2
https://www.smackcoders.com/ja/blog/pre-orders-and-backorders-in-woocommerce.html,0,7,0,4.285714285714286
https://www.smackcoders.com/ja/blog/social-media-marketing-for-small-businesses.html,0,8,0,6.75
https://www.smackcoders.com/ja/blog/wordpress-seo-guide.html,0,266,0,65.3609022556391
https://www.smackcoders.com/ja/blog/wordpress-ultimate-csv-importer-csv-sample-files-and-updates.html,0,34,0,3.3823529411764706
https://www.smackcoders.com/ja/blog/wordpress-ultimate-csv-importer-csv-sample-files-and-updates.html#%E3%82%88%E3%81%8F%E3%81%82%E3%82%8B%E8%B3%AA%E5%95%8F-faq,0,1,0,6
https://www.smackcoders.com/ja/blog/wordpress-ultimate-csv-importer-csv-sample-files-and-updates.html#word-press-csv-xml-%E3%82%A4%E3%83%B3%E3%83%9D%E3%83%BC%E3%83%88%E3%81%AE%E3%82%B5%E3%83%B3%E3%83%97%E3%83%AB%E3%83%95%E3%82%A1%E3%82%A4%E3%83%AB,0,1,0,6
https://www.smackcoders.com/ja/blog/wordpress-ultimate-csv-importer-csv-sample-files-and-updates.html#word-press-xml-%E3%81%AE%E3%82%A4%E3%83%B3%E3%83%9D%E3%83%BC%E3%83%88,0,1,0,6
https://www.smackcoders.com/ja/contact-us.html,0,1,0,5
https://www.smackcoders.com/ja/documentation/wordpress-leads-builder-for-any-crm-pro/lead-builder-for-any-crm#2-toc-title,0,1,0,7
https://www.smackcoders.com/ja/documentation/wordpress-leads-builder-for-any-crm-pro/lead-builder-for-any-crm#crm-configuration-using-wp-leads-builder,0,1,0,7
https://www.smackcoders.com/ja/documentation/wp-ultimate-csv-importer,0,1,0,9
https://www.smackcoders.com/ja/documentation/wp-ultimate-csv-importer/acf-import#0-toc-title,0,22,0,3.409090909090909
https://www.smackcoders.com/ja/documentation/wp-ultimate-csv-importer/acf-import#1-toc-title,0,4,0,2.25
https://www.smackcoders.com/ja/documentation/wp-ultimate-csv-importer/acf-import#3-toc-title,0,21,0,3.4285714285714284
https://www.smackcoders.com/ja/documentation/wp-ultimate-csv-importer/acf-import#4-toc-title,0,1,0,2
https://www.smackcoders.com/ja/documentation/wp-ultimate-csv-importer/ai-integration,0,3,0,8.666666666666668
https://www.smackcoders.com/ja/documentation/wp-ultimate-csv-importer/chatgpt-integration,0,2,0,7.5
https://www.smackcoders.com/ja/documentation/wp-ultimate-csv-importer/custom-field-suite-import,0,9,0,10.444444444444445
https://www.smackcoders.com/ja/documentation/wp-ultimate-csv-importer/export-wordpress-data-using-wp-query,0,3,0,7.333333333333333
https://www.smackcoders.com/ja/documentation/wp-ultimate-csv-importer/how-to-import-csv#0-toc-title,0,21,0,3.7142857142857144
https://www.smackcoders.com/ja/documentation/wp-ultimate-csv-importer/how-to-import-csv#2-toc-title,0,21,0,3.7142857142857144
https://www.smackcoders.com/ja/documentation/wp-ultimate-csv-importer/how-to-import-schedule-or-update,0,10,0,9.3
https://www.smackcoders.com/ja/documentation/wp-ultimate-csv-importer/how-to-import-schedule-or-update#0-toc-title,0,5,0,6.6
https://www.smackcoders.com/ja/documentation/wp-ultimate-csv-importer/how-to-import-schedule-or-update#1-toc-title,0,5,0,6.6
https://www.smackcoders.com/ja/documentation/wp-ultimate-csv-importer/how-to-import-variable-products-in-woocommerce#0-toc-title,0,1,0,3
https://www.smackcoders.com/ja/documentation/wp-ultimate-csv-importer/how-to-import-variable-products-in-woocommerce#2-toc-title,0,1,0,3
https://www.smackcoders.com/ja/documentation/wp-ultimate-csv-importer/import-and-export-lms-data,0,6,0,16.666666666666664
https://www.smackcoders.com/ja/documentation/wp-ultimate-csv-importer/import-and-export-nextgen-gallery-images,0,16,0,9.875
https://www.smackcoders.com/ja/documentation/wp-ultimate-csv-importer/import-business-directory-listings-in-wordpress,0,1,0,1
https://www.smackcoders.com/ja/documentation/wp-ultimate-csv-importer/import-export-jetbookings-data,0,1,0,1
https://www.smackcoders.com/ja/documentation/wp-ultimate-csv-importer/import-export-users-with-multiple-user-roles,0,3,0,16
https://www.smackcoders.com/ja/documentation/wp-ultimate-csv-importer/import-images-into-wordpress#0-toc-title,0,9,0,3.888888888888889
https://www.smackcoders.com/ja/documentation/wp-ultimate-csv-importer/import-images-into-wordpress#1-toc-title,0,9,0,3.888888888888889
https://www.smackcoders.com/ja/documentation/wp-ultimate-csv-importer/import-images-into-wordpress#2-toc-title,0,1,0,1
https://www.smackcoders.com/ja/documentation/wp-ultimate-csv-importer/import-jetreview-data-into-wordpress,0,1,0,1
https://www.smackcoders.com/ja/documentation/wp-ultimate-csv-importer/import-serialized-fields-data,0,1,0,4
https://www.smackcoders.com/ja/documentation/wp-ultimate-csv-importer/import-woocommerce-customers,0,4,0,10.75
https://www.smackcoders.com/ja/documentation/wp-ultimate-csv-importer/import-wordpress-categories-and-tags#0-toc-title,0,7,0,4.571428571428571
https://www.smackcoders.com/ja/documentation/wp-ultimate-csv-importer/import-wordpress-categories-and-tags#1-toc-title,0,5,0,4.6
https://www.smackcoders.com/ja/documentation/wp-ultimate-csv-importer/import-wordpress-categories-and-tags#2-toc-title,0,1,0,5
https://www.smackcoders.com/ja/documentation/wp-ultimate-csv-importer/import-wordpress-categories-and-tags#3-toc-title,0,1,0,5
https://www.smackcoders.com/ja/documentation/wp-ultimate-csv-importer/import-wordpress-categories-and-tags#4-toc-title,0,2,0,3.5
https://www.smackcoders.com/ja/documentation/wp-ultimate-csv-importer/import-wordpress-categories-and-tags#5-toc-title,0,6,0,4
https://www.smackcoders.com/ja/documentation/wp-ultimate-csv-importer/import-wordpress-categories-and-tags#6-toc-title,0,5,0,4.6
https://www.smackcoders.com/ja/documentation/wp-ultimate-csv-importer/importer-faq,0,5,0,14.6
https://www.smackcoders.com/ja/documentation/wp-ultimate-csv-importer/iteration-based-import,0,1,0,10
https://www.smackcoders.com/ja/documentation/wp-ultimate-csv-importer/jet-engine-data-import,0,7,0,6.285714285714286
https://www.smackcoders.com/ja/documentation/wp-ultimate-csv-importer/learnpress-data-import,0,4,0,3.75
https://www.smackcoders.com/ja/documentation/wp-ultimate-csv-importer/let-clients-export-wordpress-data,0,1,0,42
https://www.smackcoders.com/ja/documentation/wp-ultimate-csv-importer/meta-box-custom-field-cloneable#1-toc-title,0,3,0,3.6666666666666665
https://www.smackcoders.com/ja/documentation/wp-ultimate-csv-importer/meta-box-custom-field-cloneable#4-toc-title,0,3,0,3.6666666666666665
https://www.smackcoders.com/ja/documentation/wp-ultimate-csv-importer/migrate-wordpress-and-woocommerce-data,0,5,0,9.4
https://www.smackcoders.com/ja/documentation/wp-ultimate-csv-importer/polylang-multilingual-content-import-export,0,9,0,6.555555555555555
https://www.smackcoders.com/ja/documentation/wp-ultimate-csv-importer/post-page-custompost-import,0,23,0,5
https://www.smackcoders.com/ja/documentation/wp-ultimate-csv-importer/rankmath-data-import-and-export,0,22,0,13.409090909090908
https://www.smackcoders.com/ja/documentation/wp-ultimate-csv-importer/toolset-types-import,0,2,0,6.5
https://www.smackcoders.com/ja/documentation/wp-ultimate-csv-importer/troubleshooting-guide,0,43,0,4.627906976744185
https://www.smackcoders.com/ja/documentation/wp-ultimate-csv-importer/what-is-elementor-import-export,0,9,0,8.11111111111111
https://www.smackcoders.com/ja/documentation/wp-ultimate-csv-importer/woocommerces,0,7,0,7.857142857142857
https://www.smackcoders.com/ja/documentation/wp-ultimate-csv-importer/wpml-multilingual-import,0,2,0,7
https://www.smackcoders.com/ja/documentation/wp-ultimate-exporter/wordpress-exporter-guide#0-toc-title,0,6,0,7
https://www.smackcoders.com/ja/documentation/wp-ultimate-exporter/wordpress-exporter-guide#1-toc-title,0,1,0,5
https://www.smackcoders.com/ja/documentation/wp-ultimate-exporter/wordpress-exporter-guide#2-toc-title,0,2,0,5
https://www.smackcoders.com/ja/documentation/wp-ultimate-exporter/wordpress-exporter-guide#3-toc-title,0,5,0,7.4
https://www.smackcoders.com/ja/easy-inventory-and-stock-manager-for-woocommerce.html,0,2,0,9.5
https://www.smackcoders.com/ja/wordpress.html,0,1,0,5
https://www.smackcoders.com/ja/wp-follow-up-emails.html,0,3,0,7
https://www.smackcoders.com/ja/wp-leads-builder-any-crm-pro.html,0,1,0,88
https://www.smackcoders.com/ja/wp-ultimate-csv-importer-pro/features.html,0,3,0,11.333333333333334
https://www.smackcoders.com/ja/wp-ultimate-csv-importer-pro/jetengine-cct-import.html,0,2,0,13
https://www.smackcoders.com/ja/wp-ultimate-csv-importer-pro/polylang-import-translation.html,0,1,0,7
https://www.smackcoders.com/ja/wp-ultimate-csv-importer-pro/toolset-types-import.html,0,3,0,5.333333333333333
https://www.smackcoders.com/ja/wp-ultimate-exporter.html,0,3,0,4.333333333333334
https://www.smackcoders.com/manage-large-wordpress-sites-without-slowing-down.html,0,76,0,6.421052631578948
https://www.smackcoders.com/partnership.html,0,165,0,2.7515151515151515
https://www.smackcoders.com/refund-policy.html,0,4,0,20.5
https://www.smackcoders.com/shop,0,5,0,1.8
https://www.smackcoders.com/terms-and-conditions.html,0,8,0,12.5
https://www.smackcoders.com/wp-follow-up-emails.html,0,111,0,41.31531531531532
https://www.smackcoders.com/wp-leads-builder-any-crm-pro.html,0,56,0,31.035714285714285
https://www.smackcoders.com/wp-ultimate-csv-importer-pro/features.html,0,41,0,16.29268292682927
https://www.smackcoders.com/wp-ultimate-csv-importer-pro/import-acf-custom-fields-from-csv.html,0,46,0,27.152173913043477
https://www.smackcoders.com/wp-ultimate-csv-importer-pro/import-meta-box-fields.html,0,8,0,14.625
https://www.smackcoders.com/wp-ultimate-csv-importer-pro/import-wpml-multilingual-content.html,0,33,0,49.78787878787879
https://www.smackcoders.com/wp-ultimate-csv-importer-pro/jetengine-cct-import.html,0,29,0,11.586206896551724
https://www.smackcoders.com/wp-ultimate-csv-importer-pro/polylang-import-translation.html,0,10,0,20.2
https://www.smackcoders.com/wp-ultimate-csv-importer-pro/seo-meta-data-import.html,0,15,0,18
https://www.smackcoders.com/wp-ultimate-csv-importer-pro/toolset-types-import.html,0,7,0,54.142857142857146
https://www.smackcoders.com/wp-ultimate-exporter.html,0,85,0,10.588235294117647
