Page title and screen class,New users,Sessions,Engagement rate,Average engagement time per session,Views,Bounce rate,Events per session,Purchases
Smackcoders | WordPress Solutions for Growing Businesses,69,96,0.46875,83.11308446875,111,0.53125,4.28125,0
WordPress CSV & XML Data Importer - WP Ultimate CSV Importer,28,76,0.75,161.8437922236842,111,0.25,5.5394736842105265,0
"View Shopping Cart Items - Smackcoders Products, Plugins and Modules",17,19,0.10526315789473684,0.37198415789473688,19,0.89473684210526316,2.8947368421052633,0
Page Not Found - Smackcoders Inc,13,16,0.3125,70.8253505625,20,0.6875,3.9375,0
Sample CSV & XML Files - WP Ultimate CSV/XML Importer,10,29,0.62068965517241381,128.2096362758621,25,0.37931034482758619,2.9310344827586206,0
Smackcoders Blog | Product Features and Post,10,18,0.44444444444444442,26.050409833333333,25,0.55555555555555558,5.7222222222222223,0
WP Ultimate CSV Importer Troubleshooting Guide – Easy Fixes,9,14,0.42857142857142855,228.83645885714287,16,0.5714285714285714,4.1428571428571432,0
Smackcoders My Account Portal,8,21,0.80952380952380953,113.79119133333333,59,0.19047619047619047,6.8571428571428568,0
WordPressで外部URLをアイキャッチ画像として追加する方法,8,8,0.25,152.101671125,8,0.75,4.5,0
How to Install WAMP and XAMPP Locally | Step-by-Step Guide,5,6,0.66666666666666663,320.3345225,6,0.33333333333333331,4.333333333333333,0
Smackcoders Black Friday & Cyber Monday Deals 2025,5,6,0.33333333333333331,16.851109166666664,7,0.66666666666666663,3.8333333333333335,0
Smackcoders Support,5,7,0.42857142857142855,27.494199428571427,9,0.5714285714285714,4.7142857142857144,0
Boost Sales with WordPress Leads Builder,4,6,0.5,48.859775166666672,6,0.5,3,0
About Us | Smackcoders,3,3,0.33333333333333331,182.582506,4,0.66666666666666663,5.333333333333333,0
Best WordPress Plugins to Upgrade Your Website,3,21,0.8571428571428571,131.73401538095237,35,0.14285714285714285,5.7142857142857144,0
Bulk Update Prices and Stocks in WooCommerce Using CSV,3,4,0.25,11.83708075,4,0.75,3.75,0
How to Export and Import Advanced Custom Fields in WordPress,3,9,0.44444444444444442,47.220241666666666,10,0.55555555555555558,3.6666666666666665,0
How to Import WordPress Pages: Step-by-Step Guide,3,5,0.8,111.00757639999999,5,0.2,3.2,0
AI-Generated WordPress Content Import with Gemini & Claude,2,2,0.5,8.8373865,2,0.5,4.5,0
Contact Us - Smackcoders,2,8,0.875,116.924023375,7,0.125,4.625,0
Create Custom Taxonomies with ACF Plugin – Easy Guide,2,4,0.75,76.518682500000011,4,0.25,3.75,0
Enable & Configure WP-Cron for Better WordPress Performance,2,5,0.8,374.1382044,5,0.2,4,0
How to Import Images into WordPress | Ultimate CSV Importer,2,8,0.75,123.599168625,6,0.25,2.875,0
How to Import WooCommerce Orders? A Step-by-Step Guide,2,3,0.33333333333333331,1.7023169999999999,3,0.66666666666666663,2.3333333333333335,0
How to Import WordPress Categories and Tags,2,5,0.4,27.105802,4,0.6,3,0
How to Install Ioncube Loaders | Complete Guide,2,5,0.6,146.176928,5,0.4,3.4,0
How to Prepare WooCommerce for High Traffic,2,2,0,0,2,1,3,0
Import and Export Custom Field Suite (CFS) in WordPress,2,3,1,30.345721666666666,3,0,4.333333333333333,0
Importar eventos a WordPress con Ultimate CSV Importer,2,2,0,0,2,1,3,0
Partner with Smackcoders - Product / Services,2,3,0.33333333333333331,12.448694333333334,3,0.66666666666666663,3,0
Polylang Import Translations – Manage Multilingual Content Easily,2,2,0.5,38.7787525,2,0.5,4,0
Reliable WordPress Backup & Restore Strategy,2,2,0.5,8.1748095,2,0.5,3.5,0
WP Ultimate CSV Importer Pricing – Choose Your Plan,2,8,0.75,128.9513575,8,0.25,3.5,0
WordPressでCSVファイルをインポートする方法:詳細ガイド,2,2,0.5,20.7018545,2,0.5,4.5,0
WordPressページのインポート方法：ステップバイステップガイド,2,3,0.33333333333333331,12.401751333333332,2,0.66666666666666663,3,0
- Página 2 de 6 - Smackcoders Inc,1,1,0,0,1,1,3,0
9 Best WordPress Speed Optimization Plugins in 2024,1,2,0.5,1.8968365,2,0.5,2.5,0
A Complete WordPress Security Checklist Guide,1,1,0,0,1,1,3,0
ACFプラグインでカスタム分類法ーを解き放つ,1,1,1,173.243788,1,0,5,0
Add External URLs as Featured Images in WordPress,1,5,0.4,311.5096016,4,0.6,3.2,0
Añadir URLs externas a imágenes destacadas en WordPress,1,1,0,0,1,1,3,0
Best Practices to Manage Large WordPress Sites Without Slow Down,1,1,0,0,1,1,3,0
Best WP All Import Alternative: WP Ultimate CSV Importer,1,1,1,10.734028,1,0,5,0
CSV および XML から ACF カスタム フィールドをインポート,1,2,0.5,12.2556095,1,0.5,3,0
Career & Latest Job Openings | Find Your Dream Job Today,1,8,0.875,78.87246275,10,0.125,5.75,0
Cómo importar clientes a WooCommerce: una guía rápida,1,1,0,0,1,1,3,0
Cómo importar con los módulos de importación de CSV definitivos,1,1,0,0,1,1,3,0
Documentation - Smackcoders Inc,1,6,0.66666666666666663,6.0582868333333337,5,0.33333333333333331,4.166666666666667,0
Ejemplo de CSV y XML de muestra - Ultimate CSV/XML Importer,1,1,1,100.311881,1,0,5,0
Enhance Lead Generation with Leads Builder - Boost CRM!,1,1,0,0,1,1,3,0
ExcelからWordPressにデータをインポートする方法は?,1,1,1,41.962589,1,0,7,0
"Export Import Single WordPress Post, Page, & Product Easily",1,3,0.66666666666666663,4.4738933333333337,3,0.33333333333333331,1.6666666666666667,0
Gestión de contenidos multilingües con Ultimate CSV Importer,1,1,0,0,1,1,3,0
Getting Started with WooCommerce to Shopify Sync,1,6,0.83333333333333337,73.534104166666665,7,0.16666666666666666,4,0
How to Create Custom Fields with ACF in WordPress,1,1,0,0,1,1,3,0
How to Import CSV File in Wordpress? | Ultimate CSV Importer,1,7,0.8571428571428571,20.231593285714286,6,0.14285714285714285,2.2857142857142856,0
How to Import CSV Files in WordPress Without a Plugin,1,6,0.83333333333333337,459.08622816666667,9,0.16666666666666666,4.833333333333333,0
How to Import WooCommerce Customers | Step by Step Guide,1,3,0.66666666666666663,32.086480333333334,2,0.33333333333333331,2,0
How to Import and Export LMS Data in WordPress?,1,1,1,5.249078,1,0,4,0
How to Import and Export Listings and Owners in WP Rentals,1,1,0,5.357555,1,1,4,0
How to Import and Export Polylang Multilingual Content,1,1,0,0,1,1,3,0
How to Import and Export WooCommerce Reviews,1,1,0,0,1,1,3,0
How to Improve Core Web Vitals in WordPress (Guide for Better SEO & Speed),1,1,0,1.012983,1,1,4,0
How to Restore WordPress Site from Backup – Easy Guide,1,1,0,0,1,1,3,0
Import & Export Custom Post Types Plugin Data with Ease,1,1,1,10.212838,1,0,7,0
Import Export EDD Orders in WordPress via CSV or Excel,1,1,0,0,1,1,3,0
Import WooCommerce Products Using WP Ultimate CSV Importer,1,5,0.8,448.7292283999999,6,0.2,5.6,0
Importación CSV/XML WordPress con Importador definitivo de CSV,1,3,0.66666666666666663,5.7967616666666659,3,0.33333333333333331,3.3333333333333335,0
Importación de CCT de motor a reacción con CSV Importer,1,1,0,0,1,1,3,0
Importación de CSV de WooCommerce sin esfuerzo,1,1,0,9.499326,1,1,4,0
Importar Exportar Miembros de Usuario con el Ultimate Member,1,1,1,87.301865,1,0,6,0
Importar categorías y etiquetas de WordPress con CSV Importer,1,1,1,51.124494,1,0,5,0
Importar listados de directorios comerciales en WordPress,1,1,0,0,1,1,3,0
Importar productos de WooCommerce con el plugin CSV Importer,1,1,0,4.575335,1,1,4,0
Importar y exportar clientes de WooCommerce | Una Guía fácil,1,1,1,25.471989,1,0,7,0
Integración de IA con el importador de CSV definitivo,1,1,1,75.770581,1,0,6,0
JetEngine Data Import & Export with WP Ultimate CSV Importer,1,3,1,63.82464066666666,4,0,4.333333333333333,0
JetEngine Import/Export with WP Ultimate CSV Importer,1,2,0.5,12.5983205,2,0.5,4,0
Launch Your WordPress Site in 12 Steps,1,1,0,0,1,1,3,0
LearnPress Data Import via CSV/XML file - Quick & Easy Guide,1,4,0.5,899.377471,5,0.5,4.5,0
Meta Boxカスタムフィールドデータインポートエクスポート,1,1,0,2.085429,1,1,4,0
Monthly WordPress Maintenance Checklist,1,1,0,0,1,1,3,0
Optimize WordPress Database for Large Sites,1,1,0,6.937051,1,1,4,0
Optimize data export with Ultimate Exporter,1,4,0.75,11.0931815,4,0.25,2.75,0
Pago - Smackcoders,1,1,0,0,1,1,3,0
Pasos sencillos para instalar WAMP y XAMPP,1,1,0,0,1,1,3,0
Polylang Import Translation for WordPress Multilingual Sites,1,1,0,0,1,1,3,0
Política de privacidad: Protegemos su información,1,1,0,0,1,1,3,0
Privacy Policy: We Safeguard Your Information,1,1,0,0,1,1,3,0
Smackcoders Affiliate Program | Earn by Promoting Plugins,1,1,0,0,1,1,3,0
Smackcoders | 成長中のビジネスのためのWordPressソリューション,1,1,0,0,1,1,3,0
Top 10 Best WordPress SEO Plugins in 2025,1,1,1,34.450049,1,0,4,0
Ultimate CSV Importer 8.5 – Data Export with WP Query & more,1,1,0,0,1,1,3,0
Una guía paso a paso para importar páginas de WordPress,1,1,1,766.091028,1,0,5,0
Unlock the Power of Free WP Plugin - Community Version Bliss,1,1,0,0,1,1,3,0
W2S WooCommerce to Shopify Sync Configuration Guide,1,13,0.84615384615384615,251.59445184615385,14,0.15384615384615385,3.9230769230769229,0
WAMPとXAMPPをインストールする簡単な手順,1,1,0,0,1,1,3,0
WP All Importの最良の代替: WP Ultimate CSV Importer,1,1,0,2.569892,1,1,4,0
WP Ultimate CSV Importer - Documentations,1,13,0.84615384615384615,69.164870923076919,14,0.15384615384615385,3.8461538461538463,0
WP Ultimate CSV Importer FAQ – Quick Help & Answers,1,1,0,0,1,1,3,0
WP Ultimate CSV Importer Pro 8.12: EDD Support & Fixes,1,1,0,9.408129,1,1,4,0
WP Ultimate CSV Importer Pro Features | Your Import Solution,1,6,0.66666666666666663,96.589116,8,0.33333333333333331,4.166666666666667,0
WP Ultimate CSV Importer Pro – Changelog & Updates,1,4,0.5,9.8122955,3,0.5,2,0
WP-クロンを強化してWebサイトの効率を向上,1,2,0,0,1,1,2.5,0
WPML Multilingual Import & Export with Ultimate CSV Importer,1,4,1,190.849338,3,0,3.5,0
WooCommerce Variable Pricing Calculator – Sell by Area,1,1,0,0,1,1,3,0
WooCommerce to Shopify Integration – Authentication Setup,1,15,0.73333333333333328,523.94862746666661,15,0.26666666666666666,4.2,0
WooCommerce to Shopify Integration – Real-Time Sync,1,4,0.75,328.5437545,4,0.25,3.5,0
WooCommerce to Shopify Sync Plugin | W2S Bidirectional Sync,1,23,0.73913043478260865,296.9770302173913,36,0.2608695652173913,4.9130434782608692,0
WordPress Admin Productivity Hacks Every Developer Must Know,1,1,0,0,1,1,3,0
WordPress Security Best Practices | Secure Data-Heavy sites,1,1,0,0,1,1,3,0
WordPress で ACF を使用してカスタムフィールドを作成する方法,1,1,1,28.070767,1,0,7,0
WordPressでAI を使用する方法 | 完全ガイド,1,1,0,0,1,1,3,0
WordPressでCSVファイルをインポートする方法は?,1,2,1,11.699387,2,0,4.5,0
WordPressでカスタム投稿タイプを作成＆インポートする簡単ガイド,1,1,1,17.220502,1,0,4,0
WordPressに画像をインポートする方法,1,2,1,54.666,2,0,6.5,0
WordPressユーザーのインポートとエクスポート方法を解説,1,1,0,0,1,1,3,0
Wordpress Leads Builder For Any CRM Pro Archives - Smackcoders Inc,1,1,0,0,1,1,3,0
ha-megamenu-content-69899 - Smackcoders Inc,1,1,0,0,1,1,3,0
パートナーになる – 製品/サービス,1,1,0,0,1,1,3,0
高度なカスタムフィールドのエクスポートとインポート方法,1,1,1,20.902804,1,0,6,0
,0,0,0,0,0,0,0,2
AI Integration with Ultimate CSV Importer – ChatGPT & More,0,2,1,6.285673,1,0,1,0
Advanced Import Filters with Conditions,0,1,1,8.070735,1,0,1,0
Automate WooCommerce Emails with WP Follow Up Emails,0,1,1,10.334805,1,0,5,0
Best WooCommerce Plugins for 2026 to Grow Your Online Store,0,1,0,8.216661,1,1,3,0
CSV Importer を使用した高度なカスタムフィールドのインポートの管理,0,1,0,0,0,1,2,0
Caracteristicas de WP Ultimate CSV Importer Pro,0,2,1,73.310108,1,0,3.5,0
ChatGPT Integration with CSV Importer: Import Effortlessly,0,1,1,16.406299,1,0,1,0
Checkout - Smackcoders,0,7,0.8571428571428571,153.50470542857144,10,0.14285714285714285,9.2857142857142865,0
Crocoblock JetEngine Import Export Deals with CSV Importer,0,1,1,5.681842,1,0,3,0
Ejemplo de archivos CSV y XML - WP Ultimate CSV/XML Importer,0,1,1,199.055935,0,0,1,0
Exemples de fichiers CSV et XML - Importateur CSV/XML WP Ultimate,0,2,0.5,9.1164685,0,0.5,1.5,0
Exemplos de arquivos CSV e XML - WP Ultimate CSV/XML Importer,0,1,0,0,0,1,2,0
"Export and Import Single WordPress Page, Post, and Product",0,3,1,31.516580666666666,3,0,2.6666666666666665,0
How to Export WordPress Data Using WP Query,0,1,1,15.006389,1,0,1,0
How to Import & Export ACPT Fields in WordPress?,0,1,1,76.021897,1,0,5,0
How to Import Advanced Custom Fields (ACF) via CSV/XML,0,1,1,3.721099,1,0,2,0
How to Import Business Directory Listings in WordPress?,0,1,1,13.993927,1,0,1,0
How to Import Data from Excel to WordPress (Step-by-Step),0,1,1,291.315269,1,0,5,0
How to Import Variable Products in WooCommerce via CSV,0,6,0.66666666666666663,788.3740915,7,0.33333333333333331,3,0
How to Import and Export Meta Box Custom Fields in WordPress,0,1,1,9.002499,1,0,1,0
How to Import and Export user members in WordPress,0,1,1,1075.652577,1,0,5,0
"How to Import, Update & Schedule WordPress Data Easily",0,3,0.66666666666666663,255.58721766666667,2,0.33333333333333331,1.6666666666666667,0
How to Migrate WordPress & WooCommerce Site Data,0,1,1,99.352205,1,0,5,0
Import Events into WordPress with Ultimate CSV Importer,0,1,1,1.003758,1,0,1,0
Import Export EDD Discounts in WordPress,0,2,1,18.3629405,2,0,2,0
Import Meta Box Custom Fields with Cloneable Support,0,1,1,4.990288,1,0,1,0
Import Serialized Fields Data in WordPress - CSV Importer,0,1,1,358.756115,3,0,6,0
"Import WooCommerce Products, Orders, & more from CSV, or XML",0,3,0.66666666666666663,481.84892433333334,3,0.33333333333333331,5.333333333333333,0
"Import WordPress Posts, Pages & CPTs Easily via CSV/XML",0,4,1,124.38091075,4,0,3.75,0
Importador de dados CSV e XML para WordPress - WP Ultimate CSV Importer,0,2,0.5,7.467707,0,0.5,2.5,0
Importateur de données CSV et XML pour WordPress - WP Ultimate CSV Importer,0,1,1,49.431661,0,0,3,0
Importazione ed esportazione dati JetEngine con WP Ultimate CSV Importer,0,1,1,168.199544,0,0,1,0
Iteration-Based Import Processing with Ultimate CSV Importer,0,2,1,19.0142485,2,0,2.5,0
Let Clients Export WordPress Data | WP Ultimate CSV Importer,0,1,1,13.000413,1,0,1,0
Organize Media Easily with AIO WP Media Library Manager,0,1,1,7.603991,1,0,4,0
Portal de Mi Cuenta de Smackcoders,0,2,0.5,6.3999135,3,0.5,3.5,0
SEOPress Import & Export – Manage SEO Data Easily,0,1,1,4.012934,1,0,1,0
"Scaling WooCommerce for Growth: Manage Large Catalogs, Orders",0,1,0,0,1,1,2,0
Smackcoders ブラックフライデー＆サイバーマンデーセール 2025,0,1,1,359.925568,0,0,6,0
Toolset Types Import & Update with WP Ultimate CSV Importer,0,1,1,29.945148,1,0,3,0
Unleash Potential: Ultimate Exporter- Enhance Your Exports,0,3,0.66666666666666663,529.68798,2,0.33333333333333331,4,0
WooCommerce to Shopify Customer Sync Guide | W2S Sync,0,2,1,775.2125295,2,0,5,0
WooCommerce to Shopify Field Mapping Guide | W2S Sync,0,4,1,84.50242425,5,0,5.25,0
WooCommerce to Shopify Integration Archives - Smackcoders Inc,0,11,0.90909090909090906,141.17541527272726,25,0.090909090909090912,7.5454545454545459,0
WooCommerce to Shopify Order Sync Guide | W2S Sync,0,3,1,184.07940066666666,2,0,1.6666666666666667,0
WooCommerce to Shopify Product Sync Guide,0,2,1,837.604375,2,0,4.5,0
WooCommerce to Shopify Sync FAQ | Help & Common Questions,0,4,0.75,162.56418725,4,0.25,4,0
WooCommerce to Shopify Sync Pro Features Guide | W2S Sync,0,2,0.5,29.9133155,1,0.5,3,0
WordPress CSV & XML データインポーター - WP Ultimate CSV インポーター,0,1,1,270.040057,0,0,7,0
אופטימיזציה של ייצוא נתונים עם Ultimate Exporter,0,1,1,799.181527,0,0,4,0
チェックアウト - Smackcoders,0,1,1,5.405687,0,0,4,0
究極のCSVインポーターを使用したWordPress CSV / XMLデータのインポート,0,1,1,1061.378435,1,0,2,0
